CHROM	BIN_START	BIN_END	N_VARIANTS	WEIGHTED_FST	MEAN_FST
CM016829.1	1	10000	47	0.00034592	0.000163449
CM016829.1	5001	15000	25	0.00371241	0.00798372
CM016829.1	10001	20000	28	0.00439466	0.00956487
CM016829.1	15001	25000	29	-0.00363511	-0.000385905
CM016829.1	20001	30000	17	-0.00437006	-0.00240089
CM016829.1	25001	35000	17	0.00832851	0.00460509
CM016829.1	30001	40000	20	0.00707344	0.00363803
CM016829.1	35001	45000	22	-0.000405471	0.000273157
CM016829.1	40001	50000	46	-0.000195522	0.0041279
CM016829.1	45001	55000	87	0.00208511	0.004218
CM016829.1	50001	60000	68	0.00248518	0.00165196
CM016829.1	55001	65000	40	0.0225327	0.00977262
CM016829.1	60001	70000	45	0.0355996	0.022971
CM016829.1	65001	75000	45	0.0288218	0.0156298
CM016829.1	70001	80000	58	0.00721686	0.00458291
CM016829.1	75001	85000	60	0.00550016	0.00119375
CM016829.1	80001	90000	39	0.0164918	0.000801446
CM016829.1	85001	95000	44	0.0095079	0.00319811
CM016829.1	90001	100000	46	-0.000261611	0.000682621
CM016829.1	95001	105000	99	-0.000375194	-0.0012761
CM016829.1	100001	110000	109	0.000210747	-0.00179113
CM016829.1	105001	115000	70	-0.000629619	-0.00233299
CM016829.1	110001	120000	66	-0.000188177	-0.00165726
CM016829.1	115001	125000	43	0.00537714	0.00148902
CM016829.1	120001	130000	33	0.000666296	-0.000254823
CM016829.1	125001	135000	18	0.0156241	0.00138949
CM016829.1	130001	140000	19	0.01629	0.00384135
CM016829.1	135001	145000	23	0.00512809	0.00228472
CM016829.1	140001	150000	28	0.00449916	0.00262277
CM016829.1	145001	155000	39	0.00474282	0.00442467
CM016829.1	150001	160000	50	0.00300888	0.00305029
CM016829.1	155001	165000	32	0.00782468	0.00455871
CM016829.1	160001	170000	20	0.0161854	0.0140374
CM016829.1	165001	175000	91	0.0215339	0.00890443
CM016829.1	170001	180000	99	0.0348476	0.0176052
CM016829.1	175001	185000	54	0.0327752	0.0253265
CM016829.1	180001	190000	75	0.00766682	0.00641893
CM016829.1	185001	195000	112	0.00327088	0.00240692
CM016829.1	190001	200000	89	0.00314412	0.00239109
CM016829.1	195001	205000	86	-0.000366119	0.000484689
CM016829.1	200001	210000	97	-0.00163022	-0.000718446
CM016829.1	205001	215000	45	-0.00385241	-0.000841498
CM016829.1	210001	220000	30	-0.00933036	-0.00592489
CM016829.1	215001	225000	29	-0.00223357	-0.00218044
CM016829.1	220001	230000	27	-0.00133735	-0.00104822
CM016829.1	225001	235000	104	-0.00313947	-0.000661935
CM016829.1	230001	240000	120	0.00196043	0.00216854
CM016829.1	235001	245000	43	0.00701329	0.0044598
CM016829.1	240001	250000	27	-0.00160811	-0.00278502
CM016829.1	245001	255000	77	0.00097486	0.000440088
CM016829.1	250001	260000	72	0.00180605	0.00195675
CM016829.1	255001	265000	30	0.00311398	0.00323718
CM016829.1	260001	270000	41	0.00336393	0.00369654
CM016829.1	265001	275000	36	0.00652362	0.0048315
CM016829.1	270001	280000	48	0.0103775	0.00615918
CM016829.1	275001	285000	39	0.0128296	0.00969606
CM016829.1	280001	290000	22	0.00908836	0.00771226
CM016829.1	285001	295000	35	-0.00354811	-0.00485007
CM016829.1	290001	300000	28	-0.00981966	-0.00995427
CM016829.1	295001	305000	23	-0.00803832	-0.00740257
CM016829.1	300001	310000	27	-0.00635756	-0.00343565
CM016829.1	305001	315000	31	0.00817378	0.0136149
CM016829.1	310001	320000	25	0.0123693	0.0161955
CM016829.1	315001	325000	20	-0.00485889	-0.00460679
CM016829.1	320001	330000	26	-0.00541294	-0.0052395
CM016829.1	325001	335000	30	0.00163152	0.00373246
CM016829.1	330001	340000	29	0.0113464	0.0105618
CM016829.1	335001	345000	26	0.0205264	0.0135624
CM016829.1	340001	350000	32	0.00839065	0.00569128
CM016829.1	345001	355000	36	0.0149248	0.0104433
CM016829.1	350001	360000	54	0.0227523	0.0163136
CM016829.1	355001	365000	43	0.018955	0.0132343
CM016829.1	360001	370000	25	0.00686858	0.0049414
CM016829.1	365001	375000	28	-0.000307299	0.00274966
CM016829.1	370001	380000	30	0.000810606	0.00263564
CM016829.1	375001	385000	46	-0.0024817	-0.00317808
CM016829.1	380001	390000	53	-0.0021472	-0.00260523
CM016829.1	385001	395000	39	0.00258305	0.0036256
CM016829.1	390001	400000	19	0.0100293	0.0125647
CM016829.1	395001	405000	24	0.00178789	0.00359211
CM016829.1	400001	410000	36	0.000708944	-0.00206914
CM016829.1	405001	415000	26	0.00026309	-0.0025494
CM016829.1	410001	420000	29	-0.00207895	-0.00210707
CM016829.1	415001	425000	38	0.021334	0.011666
CM016829.1	420001	430000	38	0.0508896	0.0353832
CM016829.1	425001	435000	34	0.0441785	0.0306185
CM016829.1	430001	440000	36	0.0169992	0.00389027
CM016829.1	435001	445000	32	0.00690475	0.00167911
CM016829.1	440001	450000	44	0.0178229	0.00968832
CM016829.1	445001	455000	67	0.0129944	0.00691641
CM016829.1	450001	460000	58	0.0266364	0.0234692
CM016829.1	455001	465000	51	0.0353968	0.0256761
CM016829.1	460001	470000	42	0.0157897	0.00388334
CM016829.1	465001	475000	34	0.022517	0.0061027
CM016829.1	470001	480000	30	0.0266364	0.0103585
CM016829.1	475001	485000	25	0.029343	0.0134605
CM016829.1	480001	490000	40	0.0308087	0.0184514
CM016829.1	485001	495000	45	0.0323179	0.0220416
CM016829.1	490001	500000	126	0.0120628	0.00630739
CM016829.1	495001	505000	137	0.0115463	0.00594401
CM016829.1	500001	510000	58	0.0164676	0.00710957
CM016829.1	505001	515000	43	0.0171296	0.00569336
CM016829.1	510001	520000	38	0.0199924	0.0127032
CM016829.1	515001	525000	49	0.015443	0.0121269
CM016829.1	520001	530000	50	0.0208467	0.0164673
CM016829.1	525001	535000	54	0.0224453	0.0179981
CM016829.1	530001	540000	57	0.0175335	0.0127891
CM016829.1	535001	545000	61	0.00805978	0.00356241
CM016829.1	540001	550000	46	0.00586901	0.00139286
CM016829.1	545001	555000	26	0.00886037	0.00703784
CM016829.1	550001	560000	27	0.00641251	0.00767188
CM016829.1	555001	565000	60	0.00246186	0.00222227
CM016829.1	560001	570000	96	0.000952378	-0.000531967
CM016829.1	565001	575000	71	0.000533731	0.000654976
CM016829.1	570001	580000	39	0.000446497	0.00495128
CM016829.1	575001	585000	35	-0.000249317	0.0023471
CM016829.1	580001	590000	30	-0.000911563	-0.000103382
CM016829.1	585001	595000	34	-0.00345622	-0.00214949
CM016829.1	590001	600000	34	0.00107011	0.00063313
CM016829.1	595001	605000	30	-0.00247722	0.0014406
CM016829.1	600001	610000	28	-0.00150151	0.0014964
CM016829.1	605001	615000	120	0.00176197	0.00286646
CM016829.1	610001	620000	149	0.000310297	0.0013435
CM016829.1	615001	625000	62	-0.00287279	-0.00233428
CM016829.1	620001	630000	39	-0.0014613	-0.000661719
CM016829.1	625001	635000	34	0.00256721	0.00206087
CM016829.1	630001	640000	56	-0.000291847	-0.0021272
CM016829.1	635001	645000	61	0.00104947	-0.00112593
CM016829.1	640001	650000	45	0.00385859	0.00334424
CM016829.1	645001	655000	32	0.000919791	0.00210466
CM016829.1	650001	660000	48	-0.00379752	-0.00444531
CM016829.1	655001	665000	64	-0.00330948	-0.0030051
CM016829.1	660001	670000	40	-0.0047654	-0.00279522
CM016829.1	665001	675000	56	-0.00374578	-0.0027475
CM016829.1	670001	680000	66	-0.0055109	-0.0047006
CM016829.1	675001	685000	48	-0.0107021	-0.0100595
CM016829.1	680001	690000	40	-0.010403	-0.00807616
CM016829.1	685001	695000	28	-0.0127255	-0.00907711
CM016829.1	690001	700000	32	-0.0122455	-0.0121401
CM016829.1	695001	705000	44	-0.00956868	-0.00894071
CM016829.1	700001	710000	74	-0.00323238	-0.00211491
CM016829.1	705001	715000	64	-0.0040962	-0.00238972
CM016829.1	710001	720000	27	-0.00940677	-0.00859733
CM016829.1	715001	725000	50	-0.00379861	-0.00126109
CM016829.1	720001	730000	62	-0.00517127	-0.00291929
CM016829.1	725001	735000	41	-0.00857257	-0.00798469
CM016829.1	730001	740000	33	-0.00846065	-0.00674109
CM016829.1	735001	745000	37	-0.00935283	-0.00682975
CM016829.1	740001	750000	32	-0.00983511	-0.00868014
CM016829.1	745001	755000	33	-0.00909462	-0.00881916
CM016829.1	750001	760000	34	-0.00715784	-0.00431071
CM016829.1	755001	765000	36	0.0177782	0.0231811
CM016829.1	760001	770000	42	0.029565	0.0318912
CM016829.1	765001	775000	29	0.0233736	0.024164
CM016829.1	770001	780000	27	0.00653757	0.00525571
CM016829.1	775001	785000	38	0.00511532	0.00368552
CM016829.1	780001	790000	88	0.00133066	0.00224118
CM016829.1	785001	795000	72	-0.000112185	0.000200084
CM016829.1	790001	800000	19	0.015492	0.0132423
CM016829.1	795001	805000	37	0.00770704	0.00616091
CM016829.1	800001	810000	28	0.00342619	0.00411535
CM016829.1	805001	815000	30	0.00505097	0.00399226
CM016829.1	810001	820000	48	0.0058389	0.0046415
CM016829.1	815001	825000	45	0.014293	0.0147496
CM016829.1	820001	830000	29	0.00990186	0.0141722
CM016829.1	825001	835000	198	-0.00100959	-0.0010041
CM016829.1	830001	840000	197	-0.00132086	-0.00145768
CM016829.1	835001	845000	24	-0.00836569	-0.00740323
CM016829.1	840001	850000	32	-0.0039156	-0.00256662
CM016829.1	845001	855000	32	-0.00720391	-0.00327433
CM016829.1	850001	860000	27	-0.00913405	-0.00726459
CM016829.1	855001	865000	21	-0.00481864	-0.00597568
CM016829.1	860001	870000	37	-0.00391052	-0.00494986
CM016829.1	865001	875000	43	0.000277507	-0.00142354
CM016829.1	870001	880000	26	0.00292195	0.00268652
CM016829.1	875001	885000	19	0.00186852	-0.000698663
CM016829.1	880001	890000	35	0.00806188	0.0019778
CM016829.1	885001	895000	52	0.021317	0.0132554
CM016829.1	890001	900000	58	0.0122925	0.0129477
CM016829.1	895001	905000	37	-0.00206674	0.00264335
CM016829.1	900001	910000	34	-0.00757341	-0.00232441
CM016829.1	905001	915000	78	-0.00562366	-0.00266357
CM016829.1	910001	920000	65	-0.0059603	-0.00308678
CM016829.1	915001	925000	47	-0.00659933	-0.0021366
CM016829.1	920001	930000	67	-0.00177895	0.000117054
CM016829.1	925001	935000	63	0.00543908	0.00591787
CM016829.1	930001	940000	61	0.006834	0.00629086
CM016829.1	935001	945000	94	0.00110345	-7.54544e-05
CM016829.1	940001	950000	76	-0.000541647	-0.00119989
CM016829.1	945001	955000	20	-0.00213221	0.000112159
CM016829.1	950001	960000	37	-0.00323393	-0.00500907
CM016829.1	955001	965000	94	-0.00644774	-0.0069622
CM016829.1	960001	970000	99	-0.00761292	-0.00688138
CM016829.1	965001	975000	65	-0.00660997	-0.00575812
CM016829.1	970001	980000	48	-0.00630767	-0.00392791
CM016829.1	975001	985000	29	-0.00706	-0.00055816
CM016829.1	980001	990000	16	-0.00747616	0.00300591
CM016829.1	985001	995000	35	-0.00798106	-0.00189933
CM016829.1	990001	1000000	56	-0.00402392	-9.78991e-05
CM016829.1	995001	1005000	45	-0.00305673	-0.000355124
CM016829.1	1000001	1010000	31	-0.00741624	-0.00527149
CM016829.1	1005001	1015000	29	-0.00923907	-0.00767787
CM016829.1	1010001	1020000	37	-0.0102469	-0.00959497
CM016829.1	1015001	1025000	41	-0.0098975	-0.00788788
CM016829.1	1020001	1030000	53	-0.00472762	-0.00349359
CM016829.1	1025001	1035000	45	-0.00298425	-0.00238503
CM016829.1	1030001	1040000	20	-0.00165248	-0.00154772
CM016829.1	1035001	1045000	15	0.000809739	0.00302417
CM016829.1	1040001	1050000	12	-0.00383198	-0.00149254
CM016829.1	1045001	1055000	20	-0.000129231	-0.000478299
CM016829.1	1050001	1060000	36	-0.00443608	-0.00436834
CM016829.1	1055001	1065000	31	-0.00774529	-0.00672493
CM016829.1	1060001	1070000	12	0.00677413	-6.62526e-05
CM016829.1	1065001	1075000	37	0.0054786	0.00699015
CM016829.1	1070001	1080000	48	0.00293422	0.00603932
CM016829.1	1075001	1085000	24	-0.00157375	-0.000682023
CM016829.1	1080001	1090000	31	-0.00339645	-0.0055545
CM016829.1	1085001	1095000	49	-0.00218724	-0.00502935
CM016829.1	1090001	1100000	34	0.000160011	-0.00325511
CM016829.1	1095001	1105000	15	-0.00212892	-0.000933575
CM016829.1	1100001	1110000	17	-0.00255457	-0.0024903
CM016829.1	1105001	1115000	20	0.00453864	0.000578457
CM016829.1	1110001	1120000	29	-0.00222485	-0.00216266
CM016829.1	1115001	1125000	30	-0.00530672	-0.00576581
CM016829.1	1120001	1130000	32	-0.00548609	-0.00699502
CM016829.1	1125001	1135000	36	-0.00337774	-0.00573935
CM016829.1	1130001	1140000	49	-0.0013203	-0.00141499
CM016829.1	1135001	1145000	51	0.00203057	0.000706301
CM016829.1	1140001	1150000	49	0.00123501	-0.00510703
CM016829.1	1145001	1155000	47	-0.00705839	-0.00818413
CM016829.1	1150001	1160000	22	-0.0069877	-0.00475845
CM016829.1	1155001	1165000	30	-0.00636312	-0.00194863
CM016829.1	1160001	1170000	62	-0.00625284	-0.00370923
CM016829.1	1165001	1175000	62	-0.000498662	0.00178466
CM016829.1	1170001	1180000	40	0.0066425	0.00782674
CM016829.1	1175001	1185000	23	0.00677113	0.00224013
CM016829.1	1180001	1190000	27	0.0146425	0.0143695
CM016829.1	1185001	1195000	41	0.0079174	0.0100572
CM016829.1	1190001	1200000	34	0.010359	0.0114825
CM016829.1	1195001	1205000	25	0.0219414	0.0124044
CM016829.1	1200001	1210000	32	0.0220996	0.00313874
CM016829.1	1205001	1215000	36	0.0299093	0.0120275
CM016829.1	1210001	1220000	24	0.0481794	0.025864
CM016829.1	1215001	1225000	23	0.0563924	0.0341595
CM016829.1	1220001	1230000	27	0.0470182	0.0251088
CM016829.1	1225001	1235000	19	0.0377847	0.0196875
CM016829.1	1230001	1240000	16	0.00850667	0.00678447
CM016829.1	1235001	1245000	36	-0.00427027	-0.004281
CM016829.1	1240001	1250000	50	0.00246236	0.000689138
CM016829.1	1245001	1255000	51	0.00283949	0.00213768
CM016829.1	1250001	1260000	36	0.000798196	0.000339001
CM016829.1	1255001	1265000	68	0.000620046	0.000301189
CM016829.1	1260001	1270000	74	-0.00145403	-0.00154744
CM016829.1	1265001	1275000	61	-0.00343848	-0.00177696
CM016829.1	1270001	1280000	71	-0.00217956	-0.00055569
CM016829.1	1275001	1285000	46	-0.00357572	-0.00130298
CM016829.1	1280001	1290000	37	-0.00533283	-0.00393395
CM016829.1	1285001	1295000	29	-0.00814332	-0.00855306
CM016829.1	1290001	1300000	30	-0.00926652	-0.00875073
CM016829.1	1295001	1305000	54	-0.00753156	-0.00759046
CM016829.1	1300001	1310000	65	-0.00643696	-0.00664643
CM016829.1	1305001	1315000	36	-0.00646762	-0.00677474
CM016829.1	1310001	1320000	22	-0.0115478	-0.010948
CM016829.1	1315001	1325000	30	-0.00847127	-0.00629169
CM016829.1	1320001	1330000	41	-0.00926432	-0.00779808
CM016829.1	1325001	1335000	35	-0.0103403	-0.00898323
CM016829.1	1330001	1340000	17	-0.00939457	-0.00664198
CM016829.1	1335001	1345000	20	-0.0107808	-0.00963674
CM016829.1	1340001	1350000	51	-0.00179226	-0.0028004
CM016829.1	1345001	1355000	59	-0.00131938	-0.001868
CM016829.1	1350001	1360000	54	-0.00683472	-0.00494517
CM016829.1	1355001	1365000	45	-0.00731068	-0.00579713
CM016829.1	1360001	1370000	45	-0.00816664	-0.00619263
CM016829.1	1365001	1375000	55	-0.00952616	-0.00751122
CM016829.1	1370001	1380000	55	-0.00971495	-0.00786958
CM016829.1	1375001	1385000	60	-0.00767604	-0.00236327
CM016829.1	1380001	1390000	50	-0.0070763	-0.00219407
CM016829.1	1385001	1395000	33	-0.0108302	-0.009379
CM016829.1	1390001	1400000	20	-0.0111928	-0.00743071
CM016829.1	1395001	1405000	16	-0.00623776	-0.00248099
CM016829.1	1400001	1410000	27	-0.00679318	-0.00373129
CM016829.1	1405001	1415000	31	-0.0092223	-0.00696078
CM016829.1	1410001	1420000	17	-0.0105563	-0.00987174
CM016829.1	1415001	1425000	24	-0.00949564	-0.00677795
CM016829.1	1420001	1430000	30	-0.0105116	-0.00706407
CM016829.1	1425001	1435000	40	-0.00543107	-0.0052467
CM016829.1	1430001	1440000	36	-0.00589523	-0.00663778
CM016829.1	1435001	1445000	39	-0.00540051	-0.00676111
CM016829.1	1440001	1450000	44	-0.00286289	-0.00204203
CM016829.1	1445001	1455000	30	-0.0034727	0.00016418
CM016829.1	1450001	1460000	36	-0.00219839	-0.000491359
CM016829.1	1455001	1465000	31	-0.00396176	-0.00299403
CM016829.1	1460001	1470000	30	-0.00396814	-0.00288474
CM016829.1	1465001	1475000	42	0.00714494	0.00368895
CM016829.1	1470001	1480000	36	0.0112517	0.00422744
CM016829.1	1475001	1485000	26	0.00264626	-0.00288724
CM016829.1	1480001	1490000	51	-0.00312	-0.00392239
CM016829.1	1485001	1495000	60	-0.00241697	-0.00220608
CM016829.1	1490001	1500000	38	-0.00310482	-0.000991705
CM016829.1	1495001	1505000	23	-0.00499484	-0.00170894
CM016829.1	1500001	1510000	26	-0.00209074	-0.00296216
CM016829.1	1505001	1515000	40	0.00150638	0.000645877
CM016829.1	1510001	1520000	33	0.00248128	-0.00048213
CM016829.1	1515001	1525000	26	-0.0018957	-0.00479977
CM016829.1	1520001	1530000	28	-0.00162747	-0.00359971
CM016829.1	1525001	1535000	52	0.00463975	0.00360725
CM016829.1	1530001	1540000	59	0.0081913	0.00623557
CM016829.1	1535001	1545000	45	0.00284062	0.00269496
CM016829.1	1540001	1550000	34	-0.00249282	-0.00122066
CM016829.1	1545001	1555000	31	-0.00305102	-0.000750534
CM016829.1	1550001	1560000	75	-0.00396036	-0.0031927
CM016829.1	1555001	1565000	81	-0.00548911	-0.00506617
CM016829.1	1560001	1570000	41	-0.00180972	-0.00374443
CM016829.1	1565001	1575000	31	0.00809477	0.00279553
CM016829.1	1570001	1580000	47	0.00887568	0.00591677
CM016829.1	1575001	1585000	146	0.00725029	0.00559357
CM016829.1	1580001	1590000	132	0.00682419	0.00489649
CM016829.1	1585001	1595000	20	0.00965534	0.00502033
CM016829.1	1590001	1600000	12	0.00899136	0.00694159
CM016829.1	1595001	1605000	20	-0.00512833	-0.00229688
CM016829.1	1600001	1610000	18	-0.00987792	-0.00728553
CM016829.1	1605001	1615000	22	0.000294703	0.000565869
CM016829.1	1610001	1620000	25	0.00597141	0.00310887
CM016829.1	1615001	1625000	16	7.31799e-05	0.000767527
CM016829.1	1620001	1630000	14	0.00549662	0.0182641
CM016829.1	1625001	1635000	22	0.00226455	0.0100206
CM016829.1	1630001	1640000	21	-0.00320103	-0.00189461
CM016829.1	1635001	1645000	22	0.000662911	-0.000390177
CM016829.1	1640001	1650000	32	0.000418972	-2.91785e-05
CM016829.1	1645001	1655000	23	-0.00200316	0.000914079
CM016829.1	1650001	1660000	27	0.00116694	0.000267988
CM016829.1	1655001	1665000	34	0.0102233	0.00794919
CM016829.1	1660001	1670000	21	0.0238596	0.0165681
CM016829.1	1665001	1675000	26	-0.00332256	0.00291706
CM016829.1	1670001	1680000	38	-0.00543849	-0.000601936
CM016829.1	1675001	1685000	46	-0.00588204	-0.00513945
CM016829.1	1680001	1690000	47	-0.00641699	-0.00577887
CM016829.1	1685001	1695000	35	-0.0067749	-0.00582693
CM016829.1	1690001	1700000	37	-0.00754213	-0.00783844
CM016829.1	1695001	1705000	32	-0.00795702	-0.00705607
CM016829.1	1700001	1710000	20	-0.00869915	-0.00578698
CM016829.1	1705001	1715000	14	-0.00842515	-0.00627572
CM016829.1	1710001	1720000	15	-0.00791497	-0.00389396
CM016829.1	1715001	1725000	37	-0.00438929	-0.0025724
CM016829.1	1720001	1730000	52	0.000482297	0.00318799
CM016829.1	1725001	1735000	37	0.00469439	0.00672625
CM016829.1	1730001	1740000	31	0.00367028	0.000699199
CM016829.1	1735001	1745000	35	0.00023568	-0.00162795
CM016829.1	1740001	1750000	36	-0.00241329	-0.00374245
CM016829.1	1745001	1755000	27	-0.000991414	2.78533e-05
CM016829.1	1750001	1760000	27	9.7377e-05	0.000588589
CM016829.1	1755001	1765000	27	0.00474874	0.00159215
CM016829.1	1760001	1770000	21	0.00177541	-0.000722286
CM016829.1	1765001	1775000	31	-0.00832623	-0.00685121
CM016829.1	1770001	1780000	28	-0.00445281	-0.000595772
CM016829.1	1775001	1785000	42	0.00722691	0.0057402
CM016829.1	1780001	1790000	44	0.00463312	0.00236169
CM016829.1	1785001	1795000	30	-0.0111783	-0.00839939
CM016829.1	1790001	1800000	45	-0.0109069	-0.00947439
CM016829.1	1795001	1805000	49	-0.00967819	-0.00762014
CM016829.1	1800001	1810000	40	-0.0102042	-0.00898586
CM016829.1	1805001	1815000	25	-0.0107172	-0.0110362
CM016829.1	1810001	1820000	34	-0.0107566	-0.0101351
CM016829.1	1815001	1825000	34	-0.00997244	-0.00822689
CM016829.1	1820001	1830000	13	-0.0046358	-0.000774144
CM016829.1	1825001	1835000	19	-0.00333386	0.000928733
CM016829.1	1830001	1840000	44	0.00862629	0.0102472
CM016829.1	1835001	1845000	46	0.00637113	0.00875656
CM016829.1	1840001	1850000	27	-0.00616171	0.000452021
CM016829.1	1845001	1855000	23	0.000410334	0.00225912
CM016829.1	1850001	1860000	31	0.00205635	0.0013943
CM016829.1	1855001	1865000	44	-0.000181082	0.00533472
CM016829.1	1860001	1870000	29	-0.00272643	0.00590189
CM016829.1	1865001	1875000	12	-0.0121296	-0.00838477
CM016829.1	1870001	1880000	11	-0.0131824	-0.0102088
CM016829.1	1875001	1885000	34	-0.0135432	-0.0105237
CM016829.1	1880001	1890000	45	-0.0124778	-0.0108056
CM016829.1	1885001	1895000	33	-0.0124083	-0.0122717
CM016829.1	1890001	1900000	37	-0.00802316	-0.00866335
CM016829.1	1895001	1905000	24	-0.00573989	-0.00675236
CM016829.1	1900001	1910000	21	-0.00549776	-0.00619159
CM016829.1	1905001	1915000	32	-0.00382943	-0.00374105
CM016829.1	1910001	1920000	58	-0.00183604	-0.00071984
CM016829.1	1915001	1925000	72	-0.000935985	-0.000740007
CM016829.1	1920001	1930000	64	-0.0019616	-0.00167029
CM016829.1	1925001	1935000	55	-0.00556468	-0.00421532
CM016829.1	1930001	1940000	48	-0.0101207	-0.00908321
CM016829.1	1935001	1945000	46	-0.0109329	-0.00918823
CM016829.1	1940001	1950000	37	-0.0109908	-0.00885857
CM016829.1	1945001	1955000	41	-0.00910167	-0.00752384
CM016829.1	1950001	1960000	69	-0.00271915	-0.00135476
CM016829.1	1955001	1965000	76	-0.00322559	-0.00221434
CM016829.1	1960001	1970000	42	-0.00929861	-0.00680467
CM016829.1	1965001	1975000	20	-0.00887971	-0.00270608
CM016829.1	1970001	1980000	26	0.00369494	0.00972186
CM016829.1	1975001	1985000	43	0.00313335	0.00454764
CM016829.1	1980001	1990000	50	-0.00513412	-0.00477963
CM016829.1	1985001	1995000	37	-0.00276745	-0.00184165
CM016829.1	1990001	2000000	34	0.0066405	0.00569242
CM016829.1	1995001	2005000	46	-0.00243185	-0.000263455
CM016829.1	2000001	2010000	59	-0.000499293	-0.000715481
CM016829.1	2005001	2015000	79	0.00161715	0.00134949
CM016829.1	2010001	2020000	56	-0.000148875	-0.000333931
CM016829.1	2015001	2025000	25	-0.00755711	-0.0066613
CM016829.1	2020001	2030000	34	-0.00437209	-0.00257507
CM016829.1	2025001	2035000	30	-0.00121094	0.00148495
CM016829.1	2030001	2040000	34	0.00202513	0.00707784
CM016829.1	2035001	2045000	50	0.000944739	0.00546328
CM016829.1	2040001	2050000	40	-0.0017347	0.0020176
CM016829.1	2045001	2055000	43	-0.00734884	-0.00494631
CM016829.1	2050001	2060000	43	-0.00890425	-0.0054375
CM016829.1	2055001	2065000	39	-0.00360975	0.00211237
CM016829.1	2060001	2070000	37	0.0040305	0.0072474
CM016829.1	2065001	2075000	25	0.0055425	0.00179421
CM016829.1	2070001	2080000	29	-0.00338658	-0.00667
CM016829.1	2075001	2085000	29	-0.00216911	-0.0042796
CM016829.1	2080001	2090000	19	0.0011376	0.00125623
CM016829.1	2085001	2095000	20	0.00848762	0.00959813
CM016829.1	2090001	2100000	27	0.00941366	0.012339
CM016829.1	2095001	2105000	33	0.00941978	0.0150119
CM016829.1	2100001	2110000	21	0.00776802	0.0136096
CM016829.1	2105001	2115000	9	0.00525029	0.0146883
CM016829.1	2110001	2120000	19	0.0174022	0.0281167
CM016829.1	2115001	2125000	20	0.00574393	0.0214708
CM016829.1	2120001	2130000	24	-0.00584236	-0.000828607
CM016829.1	2125001	2135000	27	-0.00504418	-0.000825217
CM016829.1	2130001	2140000	16	-0.00564479	-0.00248901
CM016829.1	2135001	2145000	15	-0.00633498	-0.00516709
CM016829.1	2140001	2150000	21	-0.00759306	-0.0059639
CM016829.1	2145001	2155000	24	-0.00724916	-0.00388843
CM016829.1	2150001	2160000	37	-0.00441268	-0.00318632
CM016829.1	2155001	2165000	30	-0.00492799	-0.0050791
CM016829.1	2160001	2170000	24	-0.00517564	-0.00279737
CM016829.1	2165001	2175000	32	-0.00602659	-0.00382739
CM016829.1	2170001	2180000	21	-0.00320032	-0.00102133
CM016829.1	2175001	2185000	23	0.00310786	0.00239874
CM016829.1	2180001	2190000	19	-0.000774217	-0.000377314
CM016829.1	2185001	2195000	26	0.0096849	0.00769506
CM016829.1	2190001	2200000	41	0.00667193	0.00489362
CM016829.1	2195001	2205000	35	-0.000317777	0.00228372
CM016829.1	2200001	2210000	30	0.00180946	0.00322288
CM016829.1	2205001	2215000	24	0.00306116	0.00370141
CM016829.1	2210001	2220000	26	0.00299159	0.00246842
CM016829.1	2215001	2225000	45	0.000925881	0.00153086
CM016829.1	2220001	2230000	39	-0.00215099	0.00245897
CM016829.1	2225001	2235000	19	-0.00843032	-0.00112494
CM016829.1	2230001	2240000	20	-0.00387861	-0.000714518
CM016829.1	2235001	2245000	24	0.000160591	0.00255165
CM016829.1	2240001	2250000	20	0.0011381	0.00231743
CM016829.1	2245001	2255000	17	0.00427338	0.00244473
CM016829.1	2250001	2260000	27	0.00655965	0.00434188
CM016829.1	2255001	2265000	38	0.00527211	0.0036055
CM016829.1	2260001	2270000	31	-0.000483049	0.0012649
CM016829.1	2265001	2275000	17	-0.00655092	-0.00212433
CM016829.1	2270001	2280000	15	0.00159443	0.00400883
CM016829.1	2275001	2285000	31	0.0037246	0.00331223
CM016829.1	2280001	2290000	75	-0.00110543	-0.00103894
CM016829.1	2285001	2295000	112	-0.00275731	-0.00313127
CM016829.1	2290001	2300000	78	-0.00356908	-0.00471489
CM016829.1	2295001	2305000	21	-0.00505061	-0.0056301
CM016829.1	2300001	2310000	4	-0.00126235	-0.00480535
CM016829.1	2305001	2315000	8	-0.00663463	-0.00893305
CM016829.1	2310001	2320000	18	-0.00137808	-0.00228843
CM016829.1	2315001	2325000	18	0.000581324	0.00259603
CM016829.1	2320001	2330000	19	0.00263507	-0.000571552
CM016829.1	2325001	2335000	30	0.00365358	0.00103682
CM016829.1	2330001	2340000	25	0.00250695	0.00275276
CM016829.1	2335001	2345000	11	0.000100524	-0.00191137
CM016829.1	2340001	2350000	22	-0.00691984	-0.00406291
CM016829.1	2345001	2355000	23	-0.0041854	-0.000242116
CM016829.1	2350001	2360000	43	0.0100702	0.00989069
CM016829.1	2355001	2365000	44	0.0078978	0.00786676
CM016829.1	2360001	2370000	10	-0.000673367	0.00104704
CM016829.1	2365001	2375000	10	0.00416368	0.00747183
CM016829.1	2370001	2380000	25	0.00679281	0.010309
CM016829.1	2375001	2385000	39	3.05429e-05	0.00400563
CM016829.1	2380001	2390000	24	-0.00699329	-0.00372127
CM016829.1	2385001	2395000	14	-0.0080038	-0.00615552
CM016829.1	2390001	2400000	17	-0.00761316	-0.00353509
CM016829.1	2395001	2405000	12	0.00648952	0.00331366
CM016829.1	2400001	2410000	8	0.010377	7.85228e-05
CM016829.1	2405001	2415000	13	-0.00926862	-0.00898331
CM016829.1	2410001	2420000	17	-0.00294796	-0.00403592
CM016829.1	2415001	2425000	22	0.0133153	0.00453942
CM016829.1	2420001	2430000	23	0.0155929	0.00807246
CM016829.1	2425001	2435000	19	0.00291796	0.00398571
CM016829.1	2430001	2440000	12	0.000172745	-0.00165877
CM016829.1	2435001	2445000	8	-0.00292916	-0.000576719
CM016829.1	2440001	2450000	12	-0.00276347	0.000612517
CM016829.1	2445001	2455000	14	-0.000936698	0.00210447
CM016829.1	2450001	2460000	15	0.00373236	0.00251408
CM016829.1	2455001	2465000	22	0.000483671	-0.0019382
CM016829.1	2460001	2470000	18	-0.00546374	-0.00366584
CM016829.1	2465001	2475000	7	-0.0160194	-0.0133142
CM016829.1	2470001	2480000	17	-0.00534592	-0.000361867
CM016829.1	2475001	2485000	79	-0.00138105	-0.00213174
CM016829.1	2480001	2490000	101	-0.00173853	-0.0057581
CM016829.1	2485001	2495000	60	-0.000460118	-0.00877601
CM016829.1	2490001	2500000	43	0.00777765	0.000751938
CM016829.1	2495001	2505000	35	0.0084048	0.00725786
CM016829.1	2500001	2510000	44	0.00152702	0.000236698
CM016829.1	2505001	2515000	39	0.00404433	0.00176254
CM016829.1	2510001	2520000	20	0.00618533	0.00552578
CM016829.1	2515001	2525000	17	0.00498426	0.00529697
CM016829.1	2520001	2530000	33	0.00939788	0.00759667
CM016829.1	2525001	2535000	29	0.00897599	0.00538616
CM016829.1	2530001	2540000	17	0.00491566	0.00307894
CM016829.1	2535001	2545000	24	0.0201375	0.0118822
CM016829.1	2540001	2550000	23	0.0265467	0.0111922
CM016829.1	2545001	2555000	17	0.0114175	-0.00171017
CM016829.1	2550001	2560000	8	-0.00871088	-0.010696
CM016829.1	2555001	2565000	7	0.0164447	0.00191617
CM016829.1	2560001	2570000	23	0.00776328	-0.00539176
CM016829.1	2565001	2575000	37	0.0192585	0.00749846
CM016829.1	2570001	2580000	31	0.0259606	0.0176224
CM016829.1	2575001	2585000	13	0.0232264	0.00869141
CM016829.1	2580001	2590000	10	0.013383	0.00713054
CM016829.1	2585001	2595000	27	0.0226926	0.014505
CM016829.1	2590001	2600000	34	0.0135592	0.00601599
CM016829.1	2595001	2605000	22	0.0121669	0.000947521
CM016829.1	2600001	2610000	32	0.00814771	0.00285696
CM016829.1	2605001	2615000	61	-0.000238415	0.000846367
CM016829.1	2610001	2620000	41	0.00474229	0.00690296
CM016829.1	2615001	2625000	21	0.0254909	0.0140757
CM016829.1	2620001	2630000	22	0.0252968	0.0136682
CM016829.1	2625001	2635000	21	0.0512719	0.0324255
CM016829.1	2630001	2640000	22	0.0449564	0.0274793
CM016829.1	2635001	2645000	22	0.0275692	0.018529
CM016829.1	2640001	2650000	23	0.0277144	0.0226927
CM016829.1	2645001	2655000	14	0.0181637	0.0126192
CM016829.1	2650001	2660000	47	0.00423271	0.00182284
CM016829.1	2655001	2665000	47	0.00621202	0.00412623
CM016829.1	2660001	2670000	14	0.015667	0.00602192
CM016829.1	2665001	2675000	43	0.0110146	0.00681435
CM016829.1	2670001	2680000	70	0.00845108	0.00616743
CM016829.1	2675001	2685000	49	0.00373441	0.00179069
CM016829.1	2680001	2690000	25	0.00163877	-0.00494724
CM016829.1	2685001	2695000	30	0.00172277	-0.000642214
CM016829.1	2690001	2700000	24	0.000415816	0.00143245
CM016829.1	2695001	2705000	35	-0.00257744	0.000164448
CM016829.1	2700001	2710000	66	-0.00210166	-0.000947488
CM016829.1	2705001	2715000	48	0.00169321	0.000801338
CM016829.1	2710001	2720000	16	0.00735054	0.00232859
CM016829.1	2715001	2725000	9	-0.00835788	-0.00504744
CM016829.1	2720001	2730000	5	-0.00140637	0.0017187
CM016829.1	2725001	2735000	19	0.00111496	0.00747139
CM016829.1	2730001	2740000	28	-0.0009739	0.00296125
CM016829.1	2735001	2745000	24	-0.00124561	-0.0024386
CM016829.1	2740001	2750000	32	0.00163294	-0.000202249
CM016829.1	2745001	2755000	32	0.00606243	0.00316273
CM016829.1	2750001	2760000	48	0.00999298	0.00676265
CM016829.1	2755001	2765000	45	0.00818168	0.0055022
CM016829.1	2760001	2770000	22	0.00894538	0.00734567
CM016829.1	2765001	2775000	24	0.0140304	0.00694238
CM016829.1	2770001	2780000	26	0.0113257	0.00298723
CM016829.1	2775001	2785000	28	0.0115667	0.0054084
CM016829.1	2780001	2790000	41	0.00889979	0.00127869
CM016829.1	2785001	2795000	38	0.0120363	0.00364057
CM016829.1	2790001	2800000	23	0.0238982	0.0131376
CM016829.1	2795001	2805000	25	0.0213113	0.00847967
CM016829.1	2800001	2810000	36	0.0219065	0.0131132
CM016829.1	2805001	2815000	34	0.0167178	0.00931548
CM016829.1	2810001	2820000	40	-0.00164418	-0.00433337
CM016829.1	2815001	2825000	40	0.0181548	0.00780299
CM016829.1	2820001	2830000	46	0.0231761	0.0150968
CM016829.1	2825001	2835000	65	0.0133985	0.00710054
CM016829.1	2830001	2840000	42	0.00927068	0.00489397
CM016829.1	2835001	2845000	30	-0.00184577	-0.00237056
CM016829.1	2840001	2850000	45	-0.00142527	-0.00249923
CM016829.1	2845001	2855000	38	-0.00477989	-0.00403726
CM016829.1	2850001	2860000	27	0.00450874	0.00312408
CM016829.1	2855001	2865000	29	0.0161159	0.00769085
CM016829.1	2860001	2870000	30	0.0101445	0.00321084
CM016829.1	2865001	2875000	24	0.00752461	0.00411726
CM016829.1	2870001	2880000	27	-0.00020787	-0.00190427
CM016829.1	2875001	2885000	41	-0.00423592	-0.00648692
CM016829.1	2880001	2890000	41	-0.00442481	-0.0050222
CM016829.1	2885001	2895000	117	0.000528638	0.000678084
CM016829.1	2890001	2900000	101	0.000901953	0.000696532
CM016829.1	2895001	2905000	11	0.0169846	0.00895421
CM016829.1	2900001	2910000	27	0.0113938	0.0046634
CM016829.1	2905001	2915000	31	0.0002126	-0.00155577
CM016829.1	2910001	2920000	45	-0.00152744	-0.00190002
CM016829.1	2915001	2925000	53	0.00251167	0.000960112
CM016829.1	2920001	2930000	32	0.0144685	0.00670121
CM016829.1	2925001	2935000	24	0.021392	0.0122551
CM016829.1	2930001	2940000	28	0.027968	0.0171646
CM016829.1	2935001	2945000	35	0.0191177	0.0108456
CM016829.1	2940001	2950000	32	0.013053	0.0057625
CM016829.1	2945001	2955000	44	0.0123702	0.00389659
CM016829.1	2950001	2960000	38	0.0103013	0.0027953
CM016829.1	2955001	2965000	22	0.0162161	0.00864664
CM016829.1	2960001	2970000	27	0.0202972	0.0140907
CM016829.1	2965001	2975000	39	0.0151893	0.0137873
CM016829.1	2970001	2980000	32	0.0101121	0.0121322
CM016829.1	2975001	2985000	25	0.00755792	0.00526514
CM016829.1	2980001	2990000	42	-0.00104247	-0.00336728
CM016829.1	2985001	2995000	36	-0.00540847	-0.00497704
CM016829.1	2990001	3000000	50	-0.0018188	-7.21113e-05
CM016829.1	2995001	3005000	52	-0.00234833	-0.00158796
CM016829.1	3000001	3010000	31	0.00199869	-0.00215429
CM016829.1	3005001	3015000	43	0.000966719	-0.0024917
CM016829.1	3010001	3020000	42	0.000618747	-0.00312991
CM016829.1	3015001	3025000	26	0.0067383	-0.00194191
CM016829.1	3020001	3030000	64	0.00554884	0.00204946
CM016829.1	3025001	3035000	60	0.00555618	0.00184786
CM016829.1	3030001	3040000	21	-0.00550018	-0.00615845
CM016829.1	3035001	3045000	24	-0.000982552	-0.00331467
CM016829.1	3040001	3050000	29	0.00396008	0.00229704
CM016829.1	3045001	3055000	34	0.00209405	0.000672226
CM016829.1	3050001	3060000	29	0.000204018	-0.00244949
CM016829.1	3055001	3065000	26	0.00205313	-0.00125425
CM016829.1	3060001	3070000	32	-0.00270276	-0.0019247
CM016829.1	3065001	3075000	34	0.000418992	-0.000842826
CM016829.1	3070001	3080000	43	0.00125624	0.00123821
CM016829.1	3075001	3085000	43	0.000161422	-9.55074e-05
CM016829.1	3080001	3090000	27	0.00179498	0.000206943
CM016829.1	3085001	3095000	31	-0.00281463	-0.00271859
CM016829.1	3090001	3100000	34	-0.00288405	-0.00472477
CM016829.1	3095001	3105000	32	-0.00396421	-0.00435629
CM016829.1	3100001	3110000	36	-0.00105968	-0.00283029
CM016829.1	3105001	3115000	27	0.00346466	0.000253118
CM016829.1	3110001	3120000	23	0.00190548	0.00247015
CM016829.1	3115001	3125000	29	-0.000917015	0.00172348
CM016829.1	3120001	3130000	28	0.00138204	0.000808568
CM016829.1	3125001	3135000	25	0.000289439	0.000353229
CM016829.1	3130001	3140000	35	-0.00469255	-0.00272738
CM016829.1	3135001	3145000	41	-0.00102456	-0.000311358
CM016829.1	3140001	3150000	44	-0.00133891	0.00033996
CM016829.1	3145001	3155000	66	-0.0020362	0.000701137
CM016829.1	3150001	3160000	61	-0.0031507	-0.00205375
CM016829.1	3155001	3165000	36	-0.00811655	-0.00903654
CM016829.1	3160001	3170000	41	-0.00816845	-0.00833383
CM016829.1	3165001	3175000	48	-0.00836189	-0.00947891
CM016829.1	3170001	3180000	52	0.000764482	0.0024218
CM016829.1	3175001	3185000	55	0.00351598	0.00596189
CM016829.1	3180001	3190000	31	-0.00162621	-0.00175913
CM016829.1	3185001	3195000	37	0.00533852	0.00453635
CM016829.1	3190001	3200000	60	0.00592095	0.00384645
CM016829.1	3195001	3205000	43	0.00126187	-0.000255268
CM016829.1	3200001	3210000	26	-0.00136426	-0.000941087
CM016829.1	3205001	3215000	57	-0.00199554	-0.00266196
CM016829.1	3210001	3220000	88	-0.0061214	-0.00626646
CM016829.1	3215001	3225000	60	-0.00953244	-0.0090025
CM016829.1	3220001	3230000	31	-0.00994862	-0.00903832
CM016829.1	3225001	3235000	20	-0.0109894	-0.00975759
CM016829.1	3230001	3240000	8	-0.00311249	-0.00117549
CM016829.1	3235001	3245000	5	0.0176225	0.0215264
CM016829.1	3240001	3250000	8	0.00406634	0.00285181
CM016829.1	3245001	3255000	11	-0.000928476	-0.00108914
CM016829.1	3250001	3260000	10	0.00408159	0.00266233
CM016829.1	3255001	3265000	17	-0.00450652	-0.00585886
CM016829.1	3260001	3270000	22	0.00199958	-0.00160727
CM016829.1	3265001	3275000	13	0.0202014	0.0144722
CM016829.1	3270001	3280000	12	0.0144821	0.00457899
CM016829.1	3275001	3285000	22	-0.00876081	-0.00629773
CM016829.1	3280001	3290000	37	-0.0091348	-0.00709338
CM016829.1	3285001	3295000	33	-0.00814386	-0.00705247
CM016829.1	3290001	3300000	21	0.0031239	-0.00299272
CM016829.1	3295001	3305000	24	0.00360698	0.00202652
CM016829.1	3300001	3310000	46	-0.00402327	-0.00258335
CM016829.1	3305001	3315000	53	-0.00473712	-0.00596721
CM016829.1	3310001	3320000	41	-0.00712407	-0.00848325
CM016829.1	3315001	3325000	37	-0.00986206	-0.0078869
CM016829.1	3320001	3330000	25	-0.00487981	-0.00529484
CM016829.1	3325001	3335000	19	-0.00283398	-0.00772442
CM016829.1	3330001	3340000	17	-0.00677064	-0.00751998
CM016829.1	3335001	3345000	28	-0.000261282	-0.00315473
CM016829.1	3340001	3350000	54	-0.00263068	-0.0042391
CM016829.1	3345001	3355000	81	-0.0020158	-0.00180714
CM016829.1	3350001	3360000	65	-0.000879047	-0.00109216
CM016829.1	3355001	3365000	39	-0.00424107	-0.00569801
CM016829.1	3360001	3370000	42	-0.00559203	-0.0065251
CM016829.1	3365001	3375000	34	-0.00779827	-0.00709222
CM016829.1	3370001	3380000	29	-0.000996323	-0.00202303
CM016829.1	3375001	3385000	47	-0.0019643	-0.00405099
CM016829.1	3380001	3390000	58	0.00580521	0.00464028
CM016829.1	3385001	3395000	41	0.0119847	0.0131109
CM016829.1	3390001	3400000	39	0.00025935	-0.0022881
CM016829.1	3395001	3405000	34	-0.00377282	-0.00337006
CM016829.1	3400001	3410000	31	-0.00578411	-0.00398798
CM016829.1	3405001	3415000	41	-0.00190132	-0.00322925
CM016829.1	3410001	3420000	30	0.00125415	0.00254633
CM016829.1	3415001	3425000	14	-0.000831274	0.00755902
CM016829.1	3420001	3430000	20	-0.000661214	0.0022564
CM016829.1	3425001	3435000	26	0.00166227	0.000119721
CM016829.1	3430001	3440000	34	0.00525815	-0.000622453
CM016829.1	3435001	3445000	34	0.00233168	-0.002257
CM016829.1	3440001	3450000	22	0.00655582	-0.00111312
CM016829.1	3445001	3455000	31	0.0153198	0.00551668
CM016829.1	3450001	3460000	36	0.0140918	0.00497678
CM016829.1	3455001	3465000	31	0.00801361	0.00144818
CM016829.1	3460001	3470000	40	0.0051502	0.00102005
CM016829.1	3465001	3475000	55	0.00492631	0.000418599
CM016829.1	3470001	3480000	50	0.00220946	-0.00198712
CM016829.1	3475001	3485000	36	0.0060367	-0.000314695
CM016829.1	3480001	3490000	36	0.00575952	0.000415986
CM016829.1	3485001	3495000	33	-0.00257934	-0.00485638
CM016829.1	3490001	3500000	37	0.00409203	-0.00166344
CM016829.1	3495001	3505000	33	0.00918673	0.0018223
CM016829.1	3500001	3510000	20	0.00464487	-0.00146961
CM016829.1	3505001	3515000	15	0.00598319	-0.0013746
CM016829.1	3510001	3520000	14	0.0176229	0.0175488
CM016829.1	3515001	3525000	20	0.016588	0.0133407
CM016829.1	3520001	3530000	13	0.0236086	0.0134565
CM016829.1	3525001	3535000	24	0.0123206	0.0024176
CM016829.1	3530001	3540000	26	0.01127	0.00139493
CM016829.1	3535001	3545000	26	0.0271421	0.00859732
CM016829.1	3540001	3550000	30	0.0252568	0.00948891
CM016829.1	3545001	3555000	18	0.0246831	0.0155291
CM016829.1	3550001	3560000	27	0.0154173	0.0073635
CM016829.1	3555001	3565000	28	0.00699408	0.00175931
CM016829.1	3560001	3570000	96	0.00247817	0.00124425
CM016829.1	3565001	3575000	131	0.00467911	0.00257441
CM016829.1	3570001	3580000	75	0.00659708	0.00222432
CM016829.1	3575001	3585000	59	0.00313025	-6.37372e-05
CM016829.1	3580001	3590000	41	0.000110423	0.000587729
CM016829.1	3585001	3595000	22	-0.00210207	-0.00382464
CM016829.1	3590001	3600000	15	-0.00037407	-0.00750403
CM016829.1	3595001	3605000	73	-0.000235281	-0.00221829
CM016829.1	3600001	3610000	128	0.00171167	0.000729588
CM016829.1	3605001	3615000	78	0.00265759	0.00209434
CM016829.1	3610001	3620000	34	0.00544137	0.00367513
CM016829.1	3615001	3625000	34	0.0086744	0.00761949
CM016829.1	3620001	3630000	38	0.00249526	0.000620185
CM016829.1	3625001	3635000	56	0.00448069	0.00175441
CM016829.1	3630001	3640000	56	0.00680176	0.00352616
CM016829.1	3635001	3645000	51	0.00415353	0.00316619
CM016829.1	3640001	3650000	52	0.00465845	0.00336884
CM016829.1	3645001	3655000	47	0.00943764	0.00755976
CM016829.1	3650001	3660000	42	0.00957579	0.00928706
CM016829.1	3655001	3665000	33	0.00467776	0.00534303
CM016829.1	3660001	3670000	34	0.00473608	0.00440434
CM016829.1	3665001	3675000	37	0.007213	0.00500405
CM016829.1	3670001	3680000	31	0.00722407	0.00473953
CM016829.1	3675001	3685000	32	0.0185196	0.0136798
CM016829.1	3680001	3690000	38	0.0151663	0.00984425
CM016829.1	3685001	3695000	51	0.00997455	0.0081597
CM016829.1	3690001	3700000	63	0.0139602	0.00962596
CM016829.1	3695001	3705000	40	0.0136384	0.00744636
CM016829.1	3700001	3710000	33	0.0024283	0.00152699
CM016829.1	3705001	3715000	56	0.00398053	0.00292394
CM016829.1	3710001	3720000	49	0.00653396	0.00425173
CM016829.1	3715001	3725000	81	0.00451854	0.00268878
CM016829.1	3720001	3730000	75	0.0050807	0.00338875
CM016829.1	3725001	3735000	22	-0.000415731	-0.00150894
CM016829.1	3730001	3740000	36	0.00946224	0.00659243
CM016829.1	3735001	3745000	35	0.0185096	0.0133553
CM016829.1	3740001	3750000	31	0.0196392	0.00974391
CM016829.1	3745001	3755000	160	0.00236913	-0.000231575
CM016829.1	3750001	3760000	151	0.00428008	0.00178831
CM016829.1	3755001	3765000	23	0.0284216	0.0163602
CM016829.1	3760001	3770000	22	0.00986061	0.00391185
CM016829.1	3765001	3775000	18	0.014476	0.0138623
CM016829.1	3770001	3780000	17	0.0278302	0.0188204
CM016829.1	3775001	3785000	17	0.0274696	0.0164557
CM016829.1	3780001	3790000	22	0.00696319	0.00133641
CM016829.1	3785001	3795000	17	-0.00302227	-0.00357813
CM016829.1	3790001	3800000	12	0.0297834	0.0193873
CM016829.1	3795001	3805000	18	0.0352072	0.0261724
CM016829.1	3800001	3810000	15	0.0283663	0.0205499
CM016829.1	3805001	3815000	16	0.0187841	0.0128656
CM016829.1	3810001	3820000	17	0.0113157	0.00683654
CM016829.1	3815001	3825000	18	0.00882878	0.00142013
CM016829.1	3820001	3830000	22	0.0260814	0.0154556
CM016829.1	3825001	3835000	21	0.0320707	0.0195508
CM016829.1	3830001	3840000	25	0.00310502	0.000327708
CM016829.1	3835001	3845000	37	0.00534347	-3.16773e-05
CM016829.1	3840001	3850000	39	0.00546461	-0.000367614
CM016829.1	3845001	3855000	32	-0.00352898	-0.00422402
CM016829.1	3850001	3860000	58	-0.00188889	-0.00149251
CM016829.1	3855001	3865000	49	0.00276498	0.00230282
CM016829.1	3860001	3870000	14	0.0280158	0.0176871
CM016829.1	3865001	3875000	20	0.0296124	0.0230119
CM016829.1	3870001	3880000	51	0.0124944	0.00837208
CM016829.1	3875001	3885000	43	0.00669505	0.00187457
CM016829.1	3880001	3890000	6	0.0314559	0.0183118
CM016829.1	3885001	3895000	20	0.0216271	0.0167427
CM016829.1	3890001	3900000	39	0.0256371	0.0186479
CM016829.1	3895001	3905000	35	0.0330034	0.0213104
CM016829.1	3900001	3910000	20	0.0353235	0.0213966
CM016829.1	3905001	3915000	18	0.0352286	0.0239267
CM016829.1	3910001	3920000	17	0.035005	0.0246804
CM016829.1	3915001	3925000	20	0.0260259	0.0171255
CM016829.1	3920001	3930000	20	0.0248224	0.0181449
CM016829.1	3925001	3935000	10	0.0343395	0.029024
CM016829.1	3930001	3940000	20	0.0255414	0.0172142
CM016829.1	3935001	3945000	27	0.0261103	0.0190233
CM016829.1	3940001	3950000	22	0.0264471	0.0189081
CM016829.1	3945001	3955000	31	0.0220692	0.0130278
CM016829.1	3950001	3960000	31	0.021582	0.0106897
CM016829.1	3955001	3965000	23	0.0179473	0.0059292
CM016829.1	3960001	3970000	34	0.0179312	0.00986552
CM016829.1	3965001	3975000	40	0.0198984	0.0120699
CM016829.1	3970001	3980000	59	0.0157606	0.00753166
CM016829.1	3975001	3985000	50	0.0132536	0.00658142
CM016829.1	3980001	3990000	18	0.0189691	0.013294
CM016829.1	3985001	3995000	23	0.0186976	0.0112342
CM016829.1	3990001	4000000	26	0.0187947	0.0110183
CM016829.1	3995001	4005000	25	0.0386081	0.0261591
CM016829.1	4000001	4010000	28	0.0539647	0.0418984
CM016829.1	4005001	4015000	28	0.0566012	0.0451838
CM016829.1	4010001	4020000	26	0.0504963	0.0403178
CM016829.1	4015001	4025000	23	0.0309975	0.0208435
CM016829.1	4020001	4030000	23	0.029871	0.0181933
CM016829.1	4025001	4035000	30	0.0374328	0.0290339
CM016829.1	4030001	4040000	32	0.0272979	0.0212342
CM016829.1	4035001	4045000	39	0.0168333	0.0128045
CM016829.1	4040001	4050000	39	0.0198205	0.014027
CM016829.1	4045001	4055000	18	0.0287639	0.0136513
CM016829.1	4050001	4060000	15	0.0305249	0.0178831
CM016829.1	4055001	4065000	26	0.0374587	0.021032
CM016829.1	4060001	4070000	31	0.0478706	0.035127
CM016829.1	4065001	4075000	31	0.0437597	0.0370462
CM016829.1	4070001	4080000	26	0.0304895	0.0162847
CM016829.1	4075001	4085000	22	0.0401053	0.0176201
CM016829.1	4080001	4090000	25	0.0467165	0.0245492
CM016829.1	4085001	4095000	38	0.0442321	0.0291973
CM016829.1	4090001	4100000	30	0.0478267	0.0363819
CM016829.1	4095001	4105000	23	0.0499059	0.0323674
CM016829.1	4100001	4110000	30	0.0502629	0.0344167
CM016829.1	4105001	4115000	24	0.0363339	0.0337372
CM016829.1	4110001	4120000	24	0.036265	0.0336159
CM016829.1	4115001	4125000	31	0.0318997	0.0228574
CM016829.1	4120001	4130000	28	0.0276495	0.0187278
CM016829.1	4125001	4135000	32	0.0393945	0.0273434
CM016829.1	4130001	4140000	25	0.0322267	0.0196447
CM016829.1	4135001	4145000	11	0.0443728	0.0267318
CM016829.1	4140001	4150000	31	0.0392476	0.0296112
CM016829.1	4145001	4155000	29	0.0340243	0.0249858
CM016829.1	4150001	4160000	19	0.0321772	0.0116621
CM016829.1	4155001	4165000	35	0.0436042	0.0235536
CM016829.1	4160001	4170000	31	0.0365222	0.0254631
CM016829.1	4165001	4175000	28	0.0353179	0.0318463
CM016829.1	4170001	4180000	41	0.0383424	0.0268532
CM016829.1	4175001	4185000	28	0.0435356	0.0260085
CM016829.1	4180001	4190000	28	0.0406525	0.0204582
CM016829.1	4185001	4195000	55	0.0149371	0.00610254
CM016829.1	4190001	4200000	50	0.0261454	0.0146431
CM016829.1	4195001	4205000	24	0.0497342	0.0346151
CM016829.1	4200001	4210000	23	0.0496269	0.0327934
CM016829.1	4205001	4215000	45	0.0443814	0.028978
CM016829.1	4210001	4220000	52	0.0384313	0.0205203
CM016829.1	4215001	4225000	34	0.0390866	0.018815
CM016829.1	4220001	4230000	30	0.0392004	0.030288
CM016829.1	4225001	4235000	38	0.0338194	0.0255589
CM016829.1	4230001	4240000	48	0.0470672	0.0356595
CM016829.1	4235001	4245000	43	0.0413487	0.0331498
CM016829.1	4240001	4250000	17	0.00806649	0.0111214
CM016829.1	4245001	4255000	27	0.0389253	0.0347951
CM016829.1	4250001	4260000	63	0.0305614	0.0188048
CM016829.1	4255001	4265000	54	0.0330133	0.0178855
CM016829.1	4260001	4270000	40	0.0510359	0.0317948
CM016829.1	4265001	4275000	40	0.0481336	0.0307743
CM016829.1	4270001	4280000	29	0.0333004	0.023415
CM016829.1	4275001	4285000	32	-0.00329429	-0.00348534
CM016829.1	4280001	4290000	28	-0.00740537	-0.00729309
CM016829.1	4285001	4295000	16	-0.0120575	-0.0113376
CM016829.1	4290001	4300000	41	-0.00261802	-0.00464236
CM016829.1	4295001	4305000	53	-0.00218383	-0.00426938
CM016829.1	4300001	4310000	31	-0.0010211	-0.00218333
CM016829.1	4305001	4315000	22	-0.00196565	-0.00143966
CM016829.1	4310001	4320000	23	-0.00325233	-0.00605601
CM016829.1	4315001	4325000	23	-0.00302491	-0.00656279
CM016829.1	4320001	4330000	52	0.00540776	0.00490404
CM016829.1	4325001	4335000	51	0.00566161	0.00519207
CM016829.1	4330001	4340000	56	-0.011856	-0.0126288
CM016829.1	4335001	4345000	69	-0.00912783	-0.0105137
CM016829.1	4340001	4350000	46	-0.0056693	-0.00461999
CM016829.1	4345001	4355000	41	-0.00436215	-0.00312196
CM016829.1	4350001	4360000	24	-0.00533502	-0.00438321
CM016829.1	4355001	4365000	23	-0.0112741	-0.0113387
CM016829.1	4360001	4370000	39	-0.0102988	-0.0100846
CM016829.1	4365001	4375000	40	-0.00424997	-0.00525515
CM016829.1	4370001	4380000	30	-0.00242639	-0.00319173
CM016829.1	4375001	4385000	31	-0.0044923	-0.00434865
CM016829.1	4380001	4390000	52	-0.00602946	-0.00645291
CM016829.1	4385001	4395000	47	-0.00275211	-0.00550225
CM016829.1	4390001	4400000	31	0.0050906	0.00206644
CM016829.1	4395001	4405000	33	0.00732624	0.00571747
CM016829.1	4400001	4410000	27	0.0180516	0.0142139
CM016829.1	4405001	4415000	28	0.0176192	0.00933013
CM016829.1	4410001	4420000	23	0.0219911	0.0102599
CM016829.1	4415001	4425000	24	0.022394	0.0173078
CM016829.1	4420001	4430000	41	0.0340924	0.0242482
CM016829.1	4425001	4435000	42	0.0348279	0.0250537
CM016829.1	4430001	4440000	26	0.0222297	0.0176655
CM016829.1	4435001	4445000	27	0.0191603	0.0106038
CM016829.1	4440001	4450000	30	0.0237179	0.0143314
CM016829.1	4445001	4455000	26	0.0251526	0.0139265
CM016829.1	4450001	4460000	26	0.0186681	0.0107732
CM016829.1	4455001	4465000	25	0.0170618	0.00988317
CM016829.1	4460001	4470000	34	0.0148713	0.00496645
CM016829.1	4465001	4475000	35	0.016824	0.00828461
CM016829.1	4470001	4480000	24	0.01919	0.0105783
CM016829.1	4475001	4485000	30	0.0165218	0.00889914
CM016829.1	4480001	4490000	27	0.0139618	0.00718592
CM016829.1	4485001	4495000	16	0.0309832	0.0173655
CM016829.1	4490001	4500000	31	0.0236558	0.0164507
CM016829.1	4495001	4505000	40	0.0174455	0.00908295
CM016829.1	4500001	4510000	33	0.024842	0.0176487
CM016829.1	4505001	4515000	15	0.0296466	0.0330637
CM016829.1	4510001	4520000	12	0.0221363	0.0133127
CM016829.1	4515001	4525000	25	0.0248973	0.016741
CM016829.1	4520001	4530000	23	0.0220798	0.0141313
CM016829.1	4525001	4535000	16	0.00910258	0.00444365
CM016829.1	4530001	4540000	15	0.029522	0.0215633
CM016829.1	4535001	4545000	33	0.0252662	0.011844
CM016829.1	4540001	4550000	31	0.0109998	0.00467767
CM016829.1	4545001	4555000	10	0.0329954	0.0196299
CM016829.1	4550001	4560000	41	0.0132368	0.00108156
CM016829.1	4555001	4565000	67	0.00275357	-0.000118663
CM016829.1	4560001	4570000	61	-0.00246809	-0.000297827
CM016829.1	4565001	4575000	63	0.00152333	-0.000295782
CM016829.1	4570001	4580000	161	0.00255787	0.000592987
CM016829.1	4575001	4585000	154	0.00444123	0.0026588
CM016829.1	4580001	4590000	40	0.0153048	0.0119905
CM016829.1	4585001	4595000	43	0.00247314	-0.000588682
CM016829.1	4590001	4600000	47	-0.00671018	-0.00551554
CM016829.1	4595001	4605000	49	-0.0073042	-0.00227557
CM016829.1	4600001	4610000	39	-0.00618309	-0.00170869
CM016829.1	4605001	4615000	35	-0.001994	-0.0010139
CM016829.1	4610001	4620000	62	0.00485746	0.00616608
CM016829.1	4615001	4625000	73	0.00441847	0.00587315
CM016829.1	4620001	4630000	59	0.000621075	0.00213969
CM016829.1	4625001	4635000	45	-0.00119775	4.91882e-05
CM016829.1	4630001	4640000	39	-0.00366599	-0.00256864
CM016829.1	4635001	4645000	69	-0.00428964	-0.00337968
CM016829.1	4640001	4650000	76	-0.00567115	-0.00343024
CM016829.1	4645001	4655000	47	-0.00594221	-0.00350043
CM016829.1	4650001	4660000	40	0.0021039	0.00107234
CM016829.1	4655001	4665000	36	0.00165597	0.000946941
CM016829.1	4660001	4670000	43	0.00417563	0.00301087
CM016829.1	4665001	4675000	42	0.00420385	0.00298728
CM016829.1	4670001	4680000	37	0.00947433	0.00832098
CM016829.1	4675001	4685000	26	0.0275461	0.0240091
CM016829.1	4680001	4690000	20	0.0356143	0.0297655
CM016829.1	4685001	4695000	21	0.0399696	0.0320907
CM016829.1	4690001	4700000	25	0.0261535	0.0159675
CM016829.1	4695001	4705000	61	0.00428915	0.00397303
CM016829.1	4700001	4710000	56	0.00374969	0.00531815
CM016829.1	4705001	4715000	24	0.00276916	0.00533364
CM016829.1	4710001	4720000	25	0.0165962	0.0140412
CM016829.1	4715001	4725000	24	0.0174353	0.016885
CM016829.1	4720001	4730000	40	0.00433499	0.00594195
CM016829.1	4725001	4735000	50	0.00522083	0.00520495
CM016829.1	4730001	4740000	57	0.00512466	0.00483809
CM016829.1	4735001	4745000	40	0.00252237	0.00508577
CM016829.1	4740001	4750000	26	0.00577506	0.00882617
CM016829.1	4745001	4755000	166	0.00369708	0.00248245
CM016829.1	4750001	4760000	180	0.00167262	5.61553e-05
CM016829.1	4755001	4765000	42	-0.00116805	-0.00341252
CM016829.1	4760001	4770000	32	0.000724354	0.000483567
CM016829.1	4765001	4775000	94	0.0115685	0.0108491
CM016829.1	4770001	4780000	106	0.00904598	0.00822653
CM016829.1	4775001	4785000	69	-0.00202676	-0.00346503
CM016829.1	4780001	4790000	51	0.00607182	0.00499175
CM016829.1	4785001	4795000	49	0.00842078	0.0129272
CM016829.1	4790001	4800000	39	0.00425871	0.00843702
CM016829.1	4795001	4805000	26	-0.00165637	-0.000957277
CM016829.1	4800001	4810000	36	-0.00540983	-0.00246699
CM016829.1	4805001	4815000	36	-0.00626265	0.00127135
CM016829.1	4810001	4820000	28	-0.00395782	0.0060176
CM016829.1	4815001	4825000	42	-0.00553926	-0.000901964
CM016829.1	4820001	4830000	59	0.000909107	0.00898695
CM016829.1	4825001	4835000	41	0.00752302	0.0192604
CM016829.1	4830001	4840000	102	0.00385584	0.00567504
CM016829.1	4835001	4845000	116	0.0035385	0.00457307
CM016829.1	4840001	4850000	39	0.00309376	0.00596405
CM016829.1	4845001	4855000	37	-0.00231883	0.00384835
CM016829.1	4850001	4860000	38	-0.00521548	0.00209666
CM016829.1	4855001	4865000	109	-0.00422298	0.000151944
CM016829.1	4860001	4870000	121	-0.00397929	-0.000723726
CM016829.1	4865001	4875000	48	0.00359757	0.00780033
CM016829.1	4870001	4880000	53	0.019067	0.0272989
CM016829.1	4875001	4885000	49	0.0131234	0.0261134
CM016829.1	4880001	4890000	28	0.00355282	0.0118095
CM016829.1	4885001	4895000	28	0.0028863	0.00398712
CM016829.1	4890001	4900000	36	0.00261695	0.0032663
CM016829.1	4895001	4905000	35	0.00447114	0.0056402
CM016829.1	4900001	4910000	41	0.00771068	0.0060263
CM016829.1	4905001	4915000	38	0.0032122	0.00264661
CM016829.1	4910001	4920000	29	-0.00588434	-0.00425088
CM016829.1	4915001	4925000	33	-0.00255107	0.00182508
CM016829.1	4920001	4930000	30	0.00206555	0.00761565
CM016829.1	4925001	4935000	35	-0.00144618	0.00725938
CM016829.1	4930001	4940000	42	-0.00335546	0.00335077
CM016829.1	4935001	4945000	47	-0.0028262	0.000314868
CM016829.1	4940001	4950000	53	-0.00320529	-0.000319859
CM016829.1	4945001	4955000	49	-0.00390803	-0.00199019
CM016829.1	4950001	4960000	144	-0.0030712	-0.00250435
CM016829.1	4955001	4965000	141	-0.00422512	-0.00366816
CM016829.1	4960001	4970000	45	-0.00791854	-0.00709463
CM016829.1	4965001	4975000	68	-0.00461139	-0.00159618
CM016829.1	4970001	4980000	92	-0.00362014	-0.00186505
CM016829.1	4975001	4985000	61	-0.00358785	-0.00378813
CM016829.1	4980001	4990000	16	-0.00910209	-0.006101
CM016829.1	4985001	4995000	155	-0.00250982	-0.00119037
CM016829.1	4990001	5000000	157	-0.00238294	-0.00126819
CM016829.1	4995001	5005000	31	-0.0100599	-0.0054236
CM016829.1	5000001	5010000	77	-0.00661649	-0.00456997
CM016829.1	5005001	5015000	59	-0.00559771	-0.00461542
CM016829.1	5010001	5020000	47	-0.00433781	-0.00267496
CM016829.1	5015001	5025000	49	-0.00345911	-0.0017657
CM016829.1	5020001	5030000	24	-0.00565532	-0.00617173
CM016829.1	5025001	5035000	39	-0.00695982	-0.00838716
CM016829.1	5030001	5040000	81	-0.0062633	-0.00639906
CM016829.1	5035001	5045000	82	-0.00599308	-0.0055053
CM016829.1	5040001	5050000	91	0.00624373	0.00787406
CM016829.1	5045001	5055000	79	0.0108329	0.00998848
CM016829.1	5050001	5060000	30	-0.00694897	-0.00453573
CM016829.1	5055001	5065000	36	-0.0126075	-0.00964906
CM016829.1	5060001	5070000	28	-0.0131487	-0.0100445
CM016829.1	5065001	5075000	39	-0.00792167	-0.00636541
CM016829.1	5070001	5080000	52	-0.00965645	-0.00835093
CM016829.1	5075001	5085000	41	-0.0131032	-0.0109248
CM016829.1	5080001	5090000	42	-0.014542	-0.0126397
CM016829.1	5085001	5095000	46	-0.0148606	-0.0129789
CM016829.1	5090001	5100000	41	-0.0127583	-0.0109911
CM016829.1	5095001	5105000	37	-0.0115378	-0.0110126
CM016829.1	5100001	5110000	48	-0.0123889	-0.0110196
CM016829.1	5105001	5115000	48	-0.0134202	-0.0118653
CM016829.1	5110001	5120000	49	-0.0122061	-0.00856925
CM016829.1	5115001	5125000	52	-0.0114445	-0.00788054
CM016829.1	5120001	5130000	59	-0.0104196	-0.00987321
CM016829.1	5125001	5135000	76	-0.00562203	-0.00681833
CM016829.1	5130001	5140000	60	-0.0045008	-0.00495604
CM016829.1	5135001	5145000	35	-0.00609636	-0.00417007
CM016829.1	5140001	5150000	32	-0.00558585	-0.00508887
CM016829.1	5145001	5155000	32	-0.00828801	-0.0084427
CM016829.1	5150001	5160000	35	-0.00748369	-0.0071004
CM016829.1	5155001	5165000	33	-0.0031541	-0.00452701
CM016829.1	5160001	5170000	27	-0.0021717	-0.00428008
CM016829.1	5165001	5175000	28	-0.0057891	-0.00635587
CM016829.1	5170001	5180000	45	-0.00448853	-0.00431746
CM016829.1	5175001	5185000	56	-0.00398992	-0.00302674
CM016829.1	5180001	5190000	35	-0.00443522	-0.00378676
CM016829.1	5185001	5195000	21	0.00675949	0.00274409
CM016829.1	5190001	5200000	20	0.00772677	0.00637831
CM016829.1	5195001	5205000	20	0.00132954	0.00219156
CM016829.1	5200001	5210000	27	-0.00383011	-0.00438551
CM016829.1	5205001	5215000	32	-0.00477325	-0.00218843
CM016829.1	5210001	5220000	29	0.000366979	0.00171403
CM016829.1	5215001	5225000	27	0.00818932	0.00429961
CM016829.1	5220001	5230000	24	0.012612	0.00936358
CM016829.1	5225001	5235000	17	0.0100535	0.0112782
CM016829.1	5230001	5240000	12	0.00741259	0.00867526
CM016829.1	5235001	5245000	25	0.000198778	-0.00118273
CM016829.1	5240001	5250000	26	-0.0013025	-0.00369792
CM016829.1	5245001	5255000	16	-0.0051635	-0.00579051
CM016829.1	5250001	5260000	48	-0.00371879	-0.00407858
CM016829.1	5255001	5265000	44	-0.00247169	-0.00275893
CM016829.1	5260001	5270000	14	0.00112346	0.00145302
CM016829.1	5265001	5275000	29	0.00246995	0.00268735
CM016829.1	5270001	5280000	43	0.00427602	0.00456851
CM016829.1	5275001	5285000	85	-0.000705119	-0.000188134
CM016829.1	5280001	5290000	85	-0.0013921	-0.00104054
CM016829.1	5285001	5295000	32	0.0100791	0.00616716
CM016829.1	5290001	5300000	86	0.0120011	0.00684604
CM016829.1	5295001	5305000	122	0.0075663	0.00495256
CM016829.1	5300001	5310000	77	0.00933225	0.00937815
CM016829.1	5305001	5315000	55	0.0218146	0.0176202
CM016829.1	5310001	5320000	30	0.0179897	0.0154301
CM016829.1	5315001	5325000	15	0.00971988	0.0111037
CM016829.1	5320001	5330000	10	0.00704853	0.0111283
CM016829.1	5325001	5335000	5	-0.00952057	-0.00923296
CM016829.1	5330001	5340000	13	0.00574597	0.00352842
CM016829.1	5335001	5345000	19	0.0121581	0.0105671
CM016829.1	5340001	5350000	27	0.0125085	0.00985932
CM016829.1	5345001	5355000	24	0.0131527	0.0114821
CM016829.1	5350001	5360000	48	-0.00129803	0.00388791
CM016829.1	5355001	5365000	70	-0.00606319	-0.00160828
CM016829.1	5360001	5370000	67	-0.00745481	-0.00314112
CM016829.1	5365001	5375000	84	0.00142498	0.00193041
CM016829.1	5370001	5380000	80	0.00162631	0.00261274
CM016829.1	5375001	5385000	57	-0.00170951	0.00264207
CM016829.1	5380001	5390000	50	0.00139313	0.00362049
CM016829.1	5385001	5395000	42	0.000505168	0.00145866
CM016829.1	5390001	5400000	22	-0.000889561	0.00146579
CM016829.1	5395001	5405000	16	-0.00372085	-0.00289947
CM016829.1	5400001	5410000	31	0.00656294	0.00635538
CM016829.1	5405001	5415000	57	0.000878378	0.0015856
CM016829.1	5410001	5420000	49	-0.00481555	-0.00331286
CM016829.1	5415001	5425000	38	-0.00487588	-0.00187733
CM016829.1	5420001	5430000	33	-0.00497435	-0.00243061
CM016829.1	5425001	5435000	28	-0.00382932	0.00112089
CM016829.1	5430001	5440000	35	-0.00482608	-0.000465882
CM016829.1	5435001	5445000	41	-0.00504104	-0.00275771
CM016829.1	5440001	5450000	37	-0.00509312	-0.00330689
CM016829.1	5445001	5455000	45	-0.00227016	-0.001611
CM016829.1	5450001	5460000	52	-0.00282595	-0.00250295
CM016829.1	5455001	5465000	27	-0.00869606	-0.00793214
CM016829.1	5460001	5470000	14	-0.0100343	-0.00985618
CM016829.1	5465001	5475000	18	-0.00962717	-0.00858148
CM016829.1	5470001	5480000	31	-0.0101728	-0.00846594
CM016829.1	5475001	5485000	39	-0.00908808	-0.00716261
CM016829.1	5480001	5490000	44	-0.00922592	-0.0072042
CM016829.1	5485001	5495000	42	-0.0105914	-0.00931537
CM016829.1	5490001	5500000	28	-0.00810564	-0.00520558
CM016829.1	5495001	5505000	24	-0.00564776	-0.00267236
CM016829.1	5500001	5510000	33	-0.00597098	-0.00453822
CM016829.1	5505001	5515000	33	-0.00475029	-0.00184681
CM016829.1	5510001	5520000	24	-0.0045622	0.000176474
CM016829.1	5515001	5525000	14	-0.00590499	0.000643007
CM016829.1	5520001	5530000	15	-0.00732524	-0.00146849
CM016829.1	5525001	5535000	24	-0.00999127	-0.0074063
CM016829.1	5530001	5540000	26	-0.00722503	-0.00559159
CM016829.1	5535001	5545000	17	0.00609148	0.00580126
CM016829.1	5540001	5550000	24	0.00057972	0.00456648
CM016829.1	5545001	5555000	45	-0.00444288	-0.0012213
CM016829.1	5550001	5560000	121	0.00198964	0.00547644
CM016829.1	5555001	5565000	132	0.00380969	0.00582889
CM016829.1	5560001	5570000	60	-0.00239536	-0.00230976
CM016829.1	5565001	5575000	40	-0.0054006	-0.00527298
CM016829.1	5570001	5580000	33	-0.00590357	-0.00418475
CM016829.1	5575001	5585000	28	-0.00349944	-0.00184216
CM016829.1	5580001	5590000	34	0.000425378	0.00153271
CM016829.1	5585001	5595000	31	-0.00121609	-0.000753856
CM016829.1	5590001	5600000	26	-0.00419155	-0.00337405
CM016829.1	5595001	5605000	35	-0.00290865	-0.00171378
CM016829.1	5600001	5610000	38	-0.00173592	-0.00100058
CM016829.1	5605001	5615000	32	-0.00177244	-0.00210737
CM016829.1	5610001	5620000	29	-0.000659892	0.000357108
CM016829.1	5615001	5625000	88	-0.00189871	-0.000766496
CM016829.1	5620001	5630000	83	-0.00309525	-0.00217496
CM016829.1	5625001	5635000	18	-0.00563901	-0.0013745
CM016829.1	5630001	5640000	17	-0.00869588	-0.00041218
CM016829.1	5635001	5645000	28	-0.00645873	-0.00404849
CM016829.1	5640001	5650000	50	-0.00379987	-0.0028549
CM016829.1	5645001	5655000	54	-0.00251754	-0.00173797
CM016829.1	5650001	5660000	37	-0.00321643	-0.00348753
CM016829.1	5655001	5665000	47	-0.00479392	-0.00542858
CM016829.1	5660001	5670000	52	-0.00476929	-0.00575675
CM016829.1	5665001	5675000	66	0.0087723	0.00847686
CM016829.1	5670001	5680000	58	0.00993758	0.0119883
CM016829.1	5675001	5685000	31	-0.00219236	-0.000859259
CM016829.1	5680001	5690000	31	-0.00170578	-0.0033413
CM016829.1	5685001	5695000	27	-0.00271425	-0.000318156
CM016829.1	5690001	5700000	20	-0.00309137	0.000799888
CM016829.1	5695001	5705000	28	0.0100153	0.0104172
CM016829.1	5700001	5710000	38	0.0151218	0.0130143
CM016829.1	5705001	5715000	49	0.0175354	0.0140433
CM016829.1	5710001	5720000	37	0.0169224	0.015865
CM016829.1	5715001	5725000	22	-0.00246484	-0.00114332
CM016829.1	5720001	5730000	42	0.000688329	0.000657002
CM016829.1	5725001	5735000	63	0.00186274	0.0042143
CM016829.1	5730001	5740000	63	0.00198321	0.0050243
CM016829.1	5735001	5745000	38	-0.000820336	0.00112625
CM016829.1	5740001	5750000	53	-0.00322649	0.000373435
CM016829.1	5745001	5755000	71	-4.96741e-05	0.00431196
CM016829.1	5750001	5760000	46	-0.00200701	0.00249354
CM016829.1	5755001	5765000	59	-0.00032308	-0.00101853
CM016829.1	5760001	5770000	50	0.0035991	0.000219466
CM016829.1	5765001	5775000	6	0.00455666	0.00122154
CM016829.1	5770001	5780000	7	0.00592483	0.00816549
CM016829.1	5775001	5785000	32	-0.00472784	-0.00320024
CM016829.1	5780001	5790000	40	-0.00538107	-0.00499502
CM016829.1	5785001	5795000	60	0.00276466	0.00187843
CM016829.1	5790001	5800000	50	0.00581689	0.00453262
CM016829.1	5795001	5805000	19	0.00081641	0.00151196
CM016829.1	5800001	5810000	33	-0.00464546	-0.00149732
CM016829.1	5805001	5815000	41	-0.00520009	-0.00316576
CM016829.1	5810001	5820000	33	-0.00528984	-0.00476657
CM016829.1	5815001	5825000	37	0.00105874	0.000283315
CM016829.1	5820001	5830000	35	0.0014292	0.00112663
CM016829.1	5825001	5835000	17	0.00768114	0.00624356
CM016829.1	5830001	5840000	19	0.00543569	0.00609589
CM016829.1	5835001	5845000	24	0.00493196	0.00698803
CM016829.1	5840001	5850000	42	0.016391	0.0132016
CM016829.1	5845001	5855000	69	0.0124441	0.00825047
CM016829.1	5850001	5860000	59	0.00692944	0.00562245
CM016829.1	5855001	5865000	62	0.000242072	-0.000769319
CM016829.1	5860001	5870000	57	-0.00121303	-0.00254056
CM016829.1	5865001	5875000	36	0.00907128	0.00618421
CM016829.1	5870001	5880000	50	0.0190119	0.010847
CM016829.1	5875001	5885000	58	0.0180934	0.00860021
CM016829.1	5880001	5890000	38	0.00628876	0.00343907
CM016829.1	5885001	5895000	32	-0.000820097	0.000222033
CM016829.1	5890001	5900000	26	-0.00070247	0.000469573
CM016829.1	5895001	5905000	13	-0.00379941	-0.00185758
CM016829.1	5900001	5910000	34	-0.00445929	-0.00440959
CM016829.1	5905001	5915000	47	-0.00275154	-0.00277367
CM016829.1	5910001	5920000	31	-0.00361347	-0.00319986
CM016829.1	5915001	5925000	42	0.000930205	0.00228511
CM016829.1	5920001	5930000	56	0.00428314	0.00587664
CM016829.1	5925001	5935000	53	0.000627904	0.000334149
CM016829.1	5930001	5940000	57	-0.00163957	-0.00311321
CM016829.1	5935001	5945000	62	-0.00344728	-0.00324454
CM016829.1	5940001	5950000	59	-0.00703745	-0.00693502
CM016829.1	5945001	5955000	86	-0.00671921	-0.00632004
CM016829.1	5950001	5960000	73	-0.00375703	-0.00385201
CM016829.1	5955001	5965000	23	0.00611529	0.00200036
CM016829.1	5960001	5970000	23	0.00869061	0.00540066
CM016829.1	5965001	5975000	32	0.00209806	0.00253325
CM016829.1	5970001	5980000	51	-0.000567322	-0.000890854
CM016829.1	5975001	5985000	35	0.00172863	0.000660307
CM016829.1	5980001	5990000	20	0.00995601	0.00789676
CM016829.1	5985001	5995000	63	0.0104201	0.00745016
CM016829.1	5990001	6000000	82	0.00418831	0.00321106
CM016829.1	5995001	6005000	45	-0.00603306	-0.00297824
CM016829.1	6000001	6010000	32	-0.00496805	-0.00360924
CM016829.1	6005001	6015000	33	-0.000336303	-0.00152457
CM016829.1	6010001	6020000	38	0.0037045	0.00400856
CM016829.1	6015001	6025000	60	0.00431332	0.00511495
CM016829.1	6020001	6030000	48	0.00402623	0.00384485
CM016829.1	6025001	6035000	67	-0.000457977	0.000349407
CM016829.1	6030001	6040000	79	-0.000557525	0.00115623
CM016829.1	6035001	6045000	39	0.00419799	0.00860806
CM016829.1	6040001	6050000	37	0.00948149	0.0152652
CM016829.1	6045001	6055000	39	0.0125339	0.0172118
CM016829.1	6050001	6060000	104	0.00169498	0.00143053
CM016829.1	6055001	6065000	110	-0.00276448	-0.00314169
CM016829.1	6060001	6070000	69	-0.00136084	-0.00410719
CM016829.1	6065001	6075000	87	-5.67814e-05	-0.00183539
CM016829.1	6070001	6080000	60	0.000325857	0.000467577
CM016829.1	6075001	6085000	36	-1.73958e-05	0.00244197
CM016829.1	6080001	6090000	33	-0.00143315	-0.000211425
CM016829.1	6085001	6095000	27	-0.000364248	0.00106428
CM016829.1	6090001	6100000	36	-0.00146242	0.00298629
CM016829.1	6095001	6105000	68	-0.00213877	-0.00203842
CM016829.1	6100001	6110000	71	0.000709655	0.0026381
CM016829.1	6105001	6115000	70	0.00349972	0.00530519
CM016829.1	6110001	6120000	56	0.00135156	0.00062214
CM016829.1	6115001	6125000	44	-0.00544556	-0.00420749
CM016829.1	6120001	6130000	66	-0.00404545	-0.00371768
CM016829.1	6125001	6135000	88	-0.00162711	-0.00243655
CM016829.1	6130001	6140000	86	-0.00282125	-0.0032667
CM016829.1	6135001	6145000	46	-0.00560514	-0.00282225
CM016829.1	6140001	6150000	24	-0.00516603	-0.00236489
CM016829.1	6145001	6155000	18	-0.00553471	-0.00640315
CM016829.1	6150001	6160000	17	-0.00284528	-0.00370044
CM016829.1	6155001	6165000	25	0.00294807	0.00320642
CM016829.1	6160001	6170000	27	-0.000578361	0.000802985
CM016829.1	6165001	6175000	39	-0.00502291	-0.00469689
CM016829.1	6170001	6180000	42	-0.00531571	-0.00516701
CM016829.1	6175001	6185000	41	-0.00879566	-0.00619573
CM016829.1	6180001	6190000	62	-0.00944879	-0.00632632
CM016829.1	6185001	6195000	64	-0.00730434	-0.00599008
CM016829.1	6190001	6200000	45	-0.0019759	-0.00289042
CM016829.1	6195001	6205000	27	0.00521258	0.00268926
CM016829.1	6200001	6210000	27	0.00519885	0.00490954
CM016829.1	6205001	6215000	60	0.000328407	0.000832052
CM016829.1	6210001	6220000	51	-0.000266529	-0.000221506
CM016829.1	6215001	6225000	33	0.00514448	0.00845764
CM016829.1	6220001	6230000	42	-0.000108889	0.00260478
CM016829.1	6225001	6235000	32	-0.00218624	-0.00180539
CM016829.1	6230001	6240000	47	0.00568874	0.00620164
CM016829.1	6235001	6245000	49	0.0017801	0.00196643
CM016829.1	6240001	6250000	32	0.0024586	-0.00119596
CM016829.1	6245001	6255000	41	0.0109855	0.00689446
CM016829.1	6250001	6260000	43	0.00912681	0.00662616
CM016829.1	6255001	6265000	27	0.00282485	0.00304477
CM016829.1	6260001	6270000	16	0.000755283	-0.00123215
CM016829.1	6265001	6275000	15	-0.00474741	-0.00509796
CM016829.1	6270001	6280000	45	-0.00259724	-0.00242281
CM016829.1	6275001	6285000	47	-0.00230225	-0.00121296
CM016829.1	6280001	6290000	41	-0.00195869	-0.00129465
CM016829.1	6285001	6295000	48	-0.00280872	-0.00362425
CM016829.1	6290001	6300000	30	-0.00570465	-0.00600486
CM016829.1	6295001	6305000	18	-0.00447068	-0.00526167
CM016829.1	6300001	6310000	16	-0.00135384	-0.00323322
CM016829.1	6305001	6315000	22	-0.00266972	-0.00170091
CM016829.1	6310001	6320000	18	-0.00240029	-0.00188851
CM016829.1	6315001	6325000	34	-0.00223605	-0.00505297
CM016829.1	6320001	6330000	66	-0.00198088	-0.00280239
CM016829.1	6325001	6335000	55	-0.000965474	-0.000382516
CM016829.1	6330001	6340000	65	0.00428278	0.00652712
CM016829.1	6335001	6345000	54	0.00407756	0.00687568
CM016829.1	6340001	6350000	19	-0.00210505	-0.00118865
CM016829.1	6345001	6355000	43	0.00222301	0.00396773
CM016829.1	6350001	6360000	38	0.00167302	0.00300892
CM016829.1	6355001	6365000	31	-0.0055587	-0.00408355
CM016829.1	6360001	6370000	44	-0.00745417	-0.00265794
CM016829.1	6365001	6375000	39	-0.00806024	-0.00352645
CM016829.1	6370001	6380000	23	-0.000677102	-0.000790021
CM016829.1	6375001	6385000	14	0.029699	0.03019
CM016829.1	6380001	6390000	31	0.00821072	0.0122759
CM016829.1	6385001	6395000	59	0.00465028	0.0076708
CM016829.1	6390001	6400000	69	0.00944787	0.012238
CM016829.1	6395001	6405000	59	0.0191638	0.0210511
CM016829.1	6400001	6410000	40	0.028572	0.0286648
CM016829.1	6405001	6415000	27	0.00656184	0.00786849
CM016829.1	6410001	6420000	25	-0.00495394	-0.00329489
CM016829.1	6415001	6425000	56	-0.00428787	-0.00125132
CM016829.1	6420001	6430000	50	-0.00125274	0.000990033
CM016829.1	6425001	6435000	23	0.0036787	0.00178927
CM016829.1	6430001	6440000	26	-0.00229267	-0.00439014
CM016829.1	6435001	6445000	20	-0.00105957	-0.00149568
CM016829.1	6440001	6450000	25	-0.00361045	-0.00254594
CM016829.1	6445001	6455000	46	-0.00423227	-0.0016976
CM016829.1	6450001	6460000	61	-0.00128191	0.00236064
CM016829.1	6455001	6465000	53	0.00281492	0.00631532
CM016829.1	6460001	6470000	32	0.00552971	0.00619188
CM016829.1	6465001	6475000	24	0.00555199	0.00491993
CM016829.1	6470001	6480000	40	-0.000160355	0.000418396
CM016829.1	6475001	6485000	129	-0.000884587	-0.000938862
CM016829.1	6480001	6490000	119	-0.000751603	-0.000859905
CM016829.1	6485001	6495000	27	-0.00041011	0.000714211
CM016829.1	6490001	6500000	38	-0.00344675	-0.00317728
CM016829.1	6495001	6505000	42	0.003382	-0.00138888
CM016829.1	6500001	6510000	37	0.00534839	0.0030213
CM016829.1	6505001	6515000	59	-0.00446515	-0.00353947
CM016829.1	6510001	6520000	47	-0.00593755	-0.0055786
CM016829.1	6515001	6525000	66	0.0126657	0.0111553
CM016829.1	6520001	6530000	107	0.00862111	0.00779116
CM016829.1	6525001	6535000	61	-0.00100966	0.00365869
CM016829.1	6530001	6540000	20	-0.00383272	0.00721995
CM016829.1	6535001	6545000	17	-0.00556365	-0.00358599
CM016829.1	6540001	6550000	25	0.00809945	0.000426844
CM016829.1	6545001	6555000	24	0.00637248	-0.00143202
CM016829.1	6550001	6560000	43	-0.00538673	-0.00663315
CM016829.1	6555001	6565000	56	-0.00248518	-0.00392553
CM016829.1	6560001	6570000	45	-0.0016773	-0.00453977
CM016829.1	6565001	6575000	59	-0.00743294	-0.00727559
CM016829.1	6570001	6580000	52	-0.00379759	-0.00361849
CM016829.1	6575001	6585000	49	-0.000428793	-0.00242305
CM016829.1	6580001	6590000	54	-0.00285605	-0.00468561
CM016829.1	6585001	6595000	43	-0.00152356	-0.00215449
CM016829.1	6590001	6600000	49	0.00336318	0.00069798
CM016829.1	6595001	6605000	32	0.0060931	0.000384853
CM016829.1	6600001	6610000	46	0.00152767	0.00155542
CM016829.1	6605001	6615000	50	0.000600143	-1.01835e-07
CM016829.1	6610001	6620000	15	-0.0109047	-0.0108356
CM016829.1	6615001	6625000	19	-0.0117605	-0.0117791
CM016829.1	6620001	6630000	33	-0.00429021	-0.00392639
CM016829.1	6625001	6635000	27	9.88974e-05	0.0031452
CM016829.1	6630001	6640000	24	-0.00660234	-0.00456349
CM016829.1	6635001	6645000	38	-0.00735121	-0.00707702
CM016829.1	6640001	6650000	52	-0.00653766	-0.00590596
CM016829.1	6645001	6655000	51	-0.00774758	-0.00658992
CM016829.1	6650001	6660000	31	-0.00684397	-0.0047321
CM016829.1	6655001	6665000	23	0.00320964	0.00145183
CM016829.1	6660001	6670000	44	-0.00185669	-0.00356207
CM016829.1	6665001	6675000	52	-0.00597076	-0.00606344
CM016829.1	6670001	6680000	32	-0.004792	-0.00360803
CM016829.1	6675001	6685000	30	-0.00243134	-0.00124892
CM016829.1	6680001	6690000	39	0.000201406	0.00371007
CM016829.1	6685001	6695000	39	0.000257851	0.00537393
CM016829.1	6690001	6700000	42	0.00224318	0.00245989
CM016829.1	6695001	6705000	36	0.00442737	0.00494834
CM016829.1	6700001	6710000	27	0.00779434	0.0105184
CM016829.1	6705001	6715000	44	0.00537531	0.00519512
CM016829.1	6710001	6720000	36	0.00553317	0.00527215
CM016829.1	6715001	6725000	38	0.00563296	0.00688933
CM016829.1	6720001	6730000	47	0.00103008	0.00121611
CM016829.1	6725001	6735000	27	-0.0062105	-0.00558993
CM016829.1	6730001	6740000	33	-0.00513086	-0.00025432
CM016829.1	6735001	6745000	39	-0.00469333	-1.92781e-05
CM016829.1	6740001	6750000	35	-0.00515561	-0.00407629
CM016829.1	6745001	6755000	58	-0.00584994	-0.00527412
CM016829.1	6750001	6760000	76	-0.00919427	-0.00811491
CM016829.1	6755001	6765000	79	-0.000449709	0.00308185
CM016829.1	6760001	6770000	68	0.00564291	0.00795776
CM016829.1	6765001	6775000	118	-0.00371124	-0.00344984
CM016829.1	6770001	6780000	101	-0.00372238	-0.00400279
CM016829.1	6775001	6785000	41	-0.0004194	-0.00278531
CM016829.1	6780001	6790000	57	0.00159766	-0.000352518
CM016829.1	6785001	6795000	41	-0.00223109	-0.0026769
CM016829.1	6790001	6800000	32	-0.00984556	-0.00813309
CM016829.1	6795001	6805000	28	-0.0105601	-0.00792046
CM016829.1	6800001	6810000	83	-0.000946337	-5.54225e-05
CM016829.1	6805001	6815000	97	0.00309041	0.000274467
CM016829.1	6810001	6820000	46	0.00272259	-0.00338673
CM016829.1	6815001	6825000	36	-0.00180217	-0.0039434
CM016829.1	6820001	6830000	29	-0.00556368	-0.00469692
CM016829.1	6825001	6835000	32	0.00736598	0.00530987
CM016829.1	6830001	6840000	69	0.00423157	0.00239483
CM016829.1	6835001	6845000	60	-0.000791195	-0.00143636
CM016829.1	6840001	6850000	26	0.00771529	0.00572096
CM016829.1	6845001	6855000	30	0.00662434	0.000939082
CM016829.1	6850001	6860000	31	0.00186042	-0.00142695
CM016829.1	6855001	6865000	37	0.0250855	0.0131657
CM016829.1	6860001	6870000	49	0.0356717	0.0138153
CM016829.1	6865001	6875000	64	0.0365432	0.0208998
CM016829.1	6870001	6880000	81	0.0459055	0.0327543
CM016829.1	6875001	6885000	64	0.048683	0.0293296
CM016829.1	6880001	6890000	33	0.0456605	0.0285711
CM016829.1	6885001	6895000	52	0.0421871	0.0311512
CM016829.1	6890001	6900000	56	0.0500347	0.0356624
CM016829.1	6895001	6905000	43	0.0568675	0.0401689
CM016829.1	6900001	6910000	33	0.0470264	0.0305378
CM016829.1	6905001	6915000	24	0.0458358	0.0270297
CM016829.1	6910001	6920000	20	0.0374639	0.0180528
CM016829.1	6915001	6925000	24	0.0498846	0.0162153
CM016829.1	6920001	6930000	46	0.0502761	0.0260155
CM016829.1	6925001	6935000	79	0.0259781	0.0133631
CM016829.1	6930001	6940000	119	0.00705042	0.0032607
CM016829.1	6935001	6945000	83	0.0053945	0.0033059
CM016829.1	6940001	6950000	75	0.00660346	0.00528019
CM016829.1	6945001	6955000	84	0.0011514	0.00137247
CM016829.1	6950001	6960000	45	-0.00541799	-0.00312417
CM016829.1	6955001	6965000	59	-0.00420194	-0.00343588
CM016829.1	6960001	6970000	54	-0.0024342	-0.0029209
CM016829.1	6965001	6975000	23	0.00551114	0.00473469
CM016829.1	6970001	6980000	19	0.0161274	0.0133917
CM016829.1	6975001	6985000	23	0.0164622	0.0124192
CM016829.1	6980001	6990000	106	0.00506864	0.00722359
CM016829.1	6985001	6995000	107	0.006151	0.00745666
CM016829.1	6990001	7000000	33	0.0186491	0.0130415
CM016829.1	6995001	7005000	62	0.0116393	0.0065024
CM016829.1	7000001	7010000	53	0.0123728	0.00721834
CM016829.1	7005001	7015000	31	0.0149043	0.0108703
CM016829.1	7010001	7020000	34	0.00486294	0.000829303
CM016829.1	7015001	7025000	53	0.000800297	-0.00519371
CM016829.1	7020001	7030000	70	0.00528324	-0.00107039
CM016829.1	7025001	7035000	49	0.0117772	0.00703924
CM016829.1	7030001	7040000	47	0.0100197	0.00483792
CM016829.1	7035001	7045000	49	0.0102921	0.00506084
CM016829.1	7040001	7050000	41	0.0123743	0.0104249
CM016829.1	7045001	7055000	77	0.0054475	0.00275004
CM016829.1	7050001	7060000	86	0.0043464	0.00393895
CM016829.1	7055001	7065000	65	0.00931237	0.0063422
CM016829.1	7060001	7070000	47	0.00636114	0.000111987
CM016829.1	7065001	7075000	17	-0.00104211	-0.00446455
CM016829.1	7070001	7080000	32	-0.00187098	-0.00451765
CM016829.1	7075001	7085000	40	-0.00115324	-0.00460786
CM016829.1	7080001	7090000	28	-0.00343599	-0.00527172
CM016829.1	7085001	7095000	57	0.00196268	0.00399764
CM016829.1	7090001	7100000	71	0.00416469	0.00571196
CM016829.1	7095001	7105000	47	0.00357757	0.00470363
CM016829.1	7100001	7110000	40	0.00641961	0.0075535
CM016829.1	7105001	7115000	38	0.00295927	0.00398117
CM016829.1	7110001	7120000	154	-0.000439032	-0.000399397
CM016829.1	7115001	7125000	165	0.000248919	-0.000269229
CM016829.1	7120001	7130000	63	0.00400221	0.000351434
CM016829.1	7125001	7135000	63	0.00689901	0.00652221
CM016829.1	7130001	7140000	47	0.00583004	0.00635548
CM016829.1	7135001	7145000	53	-0.00297344	-0.00374383
CM016829.1	7140001	7150000	46	-0.000188093	-0.00140704
CM016829.1	7145001	7155000	31	0.00482089	0.000834225
CM016829.1	7150001	7160000	56	-0.000984698	0.00101023
CM016829.1	7155001	7165000	55	-0.000799092	0.00238226
CM016829.1	7160001	7170000	30	-0.00237506	-0.00117715
CM016829.1	7165001	7175000	36	-0.00442279	-0.00397799
CM016829.1	7170001	7180000	44	-0.00346176	-0.00297813
CM016829.1	7175001	7185000	38	-0.00543057	-0.0028052
CM016829.1	7180001	7190000	61	-0.000705384	-1.99807e-05
CM016829.1	7185001	7195000	58	0.000701204	-0.000409154
CM016829.1	7190001	7200000	41	-2.29053e-05	-0.00186983
CM016829.1	7195001	7205000	47	0.00161386	-0.000474439
CM016829.1	7200001	7210000	43	0.00153382	-0.00148264
CM016829.1	7205001	7215000	39	0.00258211	-0.000485426
CM016829.1	7210001	7220000	31	-0.000157069	0.00094868
CM016829.1	7215001	7225000	44	-0.005805	-0.0029558
CM016829.1	7220001	7230000	42	0.00207921	-0.000218474
CM016829.1	7225001	7235000	29	0.0122829	0.0120387
CM016829.1	7230001	7240000	24	0.00689833	0.00924516
CM016829.1	7235001	7245000	32	-0.00759204	-0.00585358
CM016829.1	7240001	7250000	45	-0.00798524	-0.00579537
CM016829.1	7245001	7255000	236	0.00770697	0.00612946
CM016829.1	7250001	7260000	439	0.00776261	0.00690722
CM016829.1	7255001	7265000	237	0.00742782	0.00703524
CM016829.1	7260001	7270000	25	0.0164129	0.0171695
CM016829.1	7265001	7275000	24	0.0304548	0.0296486
CM016829.1	7270001	7280000	18	0.0360621	0.0299619
CM016829.1	7275001	7285000	17	0.0218251	0.015222
CM016829.1	7280001	7290000	27	0.0238102	0.0181207
CM016829.1	7285001	7295000	31	0.0212708	0.0171228
CM016829.1	7290001	7300000	32	0.0136863	0.0109497
CM016829.1	7295001	7305000	37	0.0345781	0.0344115
CM016829.1	7300001	7310000	51	0.038945	0.0362656
CM016829.1	7305001	7315000	60	0.0294392	0.0252646
CM016829.1	7310001	7320000	79	0.0454453	0.0429484
CM016829.1	7315001	7325000	87	0.05543	0.053968
CM016829.1	7320001	7330000	57	0.0347532	0.038248
CM016829.1	7325001	7335000	63	0.00226707	0.00519855
CM016829.1	7330001	7340000	83	0.00234064	0.00468642
CM016829.1	7335001	7345000	56	-0.000930982	0.00357281
CM016829.1	7340001	7350000	35	0.0009678	0.0115827
CM016829.1	7345001	7355000	62	-0.000815648	0.00363047
CM016829.1	7350001	7360000	79	-0.00288541	-0.00111365
CM016829.1	7355001	7365000	68	-0.000723559	0.00148525
CM016829.1	7360001	7370000	46	0.00156654	0.00230573
CM016829.1	7365001	7375000	38	0.00251936	0.00403373
CM016829.1	7370001	7380000	32	0.00266604	0.00374364
CM016829.1	7375001	7385000	16	0.00829745	0.00828058
CM016829.1	7380001	7390000	20	0.00169274	0.0072018
CM016829.1	7385001	7395000	17	0.000470397	0.00424932
CM016829.1	7390001	7400000	13	0.00221093	0.0015825
CM016829.1	7395001	7405000	24	-0.0070798	-0.00232438
CM016829.1	7400001	7410000	26	-0.00913273	-0.00427132
CM016829.1	7405001	7415000	23	-0.0100491	-0.00891735
CM016829.1	7410001	7420000	26	-0.00886834	-0.00661797
CM016829.1	7415001	7425000	33	-0.00843743	-0.00650867
CM016829.1	7420001	7430000	26	-0.0103706	-0.00865913
CM016829.1	7425001	7435000	10	0.0144871	0.00489303
CM016829.1	7430001	7440000	15	0.012051	0.00597617
CM016829.1	7435001	7445000	25	-0.00578699	-0.0049938
CM016829.1	7440001	7450000	29	-0.00938862	-0.00834987
CM016829.1	7445001	7455000	43	-0.00371087	0.000305837
CM016829.1	7450001	7460000	58	-0.00362256	-0.000257753
CM016829.1	7455001	7465000	58	0.00584092	0.00543337
CM016829.1	7460001	7470000	45	0.00828484	0.0088629
CM016829.1	7465001	7475000	55	-0.00324547	-0.0017397
CM016829.1	7470001	7480000	61	-0.0036658	-0.00243577
CM016829.1	7475001	7485000	44	-0.00694903	-0.00268324
CM016829.1	7480001	7490000	44	0.00179558	0.00163538
CM016829.1	7485001	7495000	43	-0.00207223	-0.00128254
CM016829.1	7490001	7500000	48	-0.0102378	-0.00827984
CM016829.1	7495001	7505000	72	-0.00711091	-0.00681849
CM016829.1	7500001	7510000	110	-0.00414811	-0.00238131
CM016829.1	7505001	7515000	102	-0.0035732	-0.000517286
CM016829.1	7510001	7520000	62	-0.00721531	-0.00437119
CM016829.1	7515001	7525000	34	-0.0112112	-0.0102289
CM016829.1	7520001	7530000	20	-0.0093167	-0.00987603
CM016829.1	7525001	7535000	34	-0.00617226	-0.00599839
CM016829.1	7530001	7540000	47	-0.00728784	-0.00580968
CM016829.1	7535001	7545000	37	-0.00763904	-0.00675487
CM016829.1	7540001	7550000	38	-0.00118756	-0.00247395
CM016829.1	7545001	7555000	52	-0.0056203	-0.00459862
CM016829.1	7550001	7560000	34	-0.00943354	-0.00796045
CM016829.1	7555001	7565000	26	-0.00958838	-0.00844366
CM016829.1	7560001	7570000	31	-4.36015e-06	-0.00198058
CM016829.1	7565001	7575000	37	0.00288718	0.00293316
CM016829.1	7570001	7580000	50	-0.00159242	-0.00197577
CM016829.1	7575001	7585000	41	-0.00233825	-0.00327153
CM016829.1	7580001	7590000	33	-0.00490139	-0.00563274
CM016829.1	7585001	7595000	30	-0.00694791	-0.00829204
CM016829.1	7590001	7600000	21	-0.00485847	-0.00709714
CM016829.1	7595001	7605000	43	-0.00488413	-0.00655041
CM016829.1	7600001	7610000	55	-0.00469656	-0.00619089
CM016829.1	7605001	7615000	35	-0.00575287	-0.00710091
CM016829.1	7610001	7620000	41	-0.00700668	-0.00791891
CM016829.1	7615001	7625000	39	-0.00815919	-0.00838606
CM016829.1	7620001	7630000	29	-0.00550183	-0.00274156
CM016829.1	7625001	7635000	38	-0.00365826	-0.00236148
CM016829.1	7630001	7640000	30	-0.00858943	-0.00767453
CM016829.1	7635001	7645000	13	-0.00689952	-0.00279695
CM016829.1	7640001	7650000	24	-0.00239356	-0.00218617
CM016829.1	7645001	7655000	30	-0.00341019	-0.00508822
CM016829.1	7650001	7660000	22	-0.00384213	-0.00461287
CM016829.1	7655001	7665000	15	-0.00416876	-0.00493423
CM016829.1	7660001	7670000	12	0.0114669	0.00424913
CM016829.1	7665001	7675000	17	0.0174535	0.00616124
CM016829.1	7670001	7680000	14	0.0140587	0.00778919
CM016829.1	7675001	7685000	24	0.00822493	0.00956025
CM016829.1	7680001	7690000	43	0.00116338	0.00323776
CM016829.1	7685001	7695000	49	-0.0043895	-0.00121734
CM016829.1	7690001	7700000	39	-0.00245231	-0.000571418
CM016829.1	7695001	7705000	27	-0.00562036	-0.00371279
CM016829.1	7700001	7710000	20	-0.0095041	-0.00949596
CM016829.1	7705001	7715000	14	-0.00411051	-0.00320879
CM016829.1	7710001	7720000	21	-0.00705375	-0.00627573
CM016829.1	7715001	7725000	32	-0.00821805	-0.00760046
CM016829.1	7720001	7730000	54	0.0021704	-0.000179699
CM016829.1	7725001	7735000	72	0.00150307	0.000120141
CM016829.1	7730001	7740000	43	-0.00446935	-0.0036427
CM016829.1	7735001	7745000	22	-0.00910523	-0.00605983
CM016829.1	7740001	7750000	24	-0.00348755	0.00111783
CM016829.1	7745001	7755000	38	-0.00160802	-0.00065132
CM016829.1	7750001	7760000	65	-0.00498806	-0.00416792
CM016829.1	7755001	7765000	60	0.000215351	0.00116245
CM016829.1	7760001	7770000	46	-1.50853e-05	0.00208909
CM016829.1	7765001	7775000	61	-0.00676608	-0.00578398
CM016829.1	7770001	7780000	58	-0.00407269	-0.0028848
CM016829.1	7775001	7785000	40	-0.00168595	-0.00176789
CM016829.1	7780001	7790000	81	-0.00374522	-0.0016025
CM016829.1	7785001	7795000	78	-0.00342277	-0.00110738
CM016829.1	7790001	7800000	30	-0.00477409	-0.00494049
CM016829.1	7795001	7805000	37	-0.00617245	-0.00432161
CM016829.1	7800001	7810000	44	-0.000853734	-0.00101418
CM016829.1	7805001	7815000	49	0.00118749	0.00121271
CM016829.1	7810001	7820000	45	-1.42232e-05	0.00451237
CM016829.1	7815001	7825000	31	-0.000131222	0.00733792
CM016829.1	7820001	7830000	28	0.0040115	0.0101803
CM016829.1	7825001	7835000	37	0.00849444	0.0128912
CM016829.1	7830001	7840000	44	0.0118999	0.0161844
CM016829.1	7835001	7845000	30	0.00509024	0.0128709
CM016829.1	7840001	7850000	19	-0.0154103	-0.0118807
CM016829.1	7845001	7855000	28	-0.0140703	-0.0117946
CM016829.1	7850001	7860000	39	-0.0129677	-0.00832798
CM016829.1	7855001	7865000	40	-0.0118174	-0.00842777
CM016829.1	7860001	7870000	53	-0.0131754	-0.0122505
CM016829.1	7865001	7875000	58	-0.0153748	-0.0137187
CM016829.1	7870001	7880000	58	-0.00700455	-0.00371801
CM016829.1	7875001	7885000	69	-0.00301117	0.00388974
CM016829.1	7880001	7890000	54	-0.00526167	0.00386225
CM016829.1	7885001	7895000	39	-0.00594745	-0.000748833
CM016829.1	7890001	7900000	46	-0.00957026	-0.00643048
CM016829.1	7895001	7905000	40	-0.0110685	-0.00850258
CM016829.1	7900001	7910000	28	-0.00642982	-0.00621435
CM016829.1	7905001	7915000	24	0.00321809	0.00217058
CM016829.1	7910001	7920000	22	0.00509059	0.00506915
CM016829.1	7915001	7925000	15	0.000595127	-0.0013659
CM016829.1	7920001	7930000	8	-0.00361668	-0.00721967
CM016829.1	7925001	7935000	9	-0.00482048	-0.0063533
CM016829.1	7930001	7940000	14	-0.00555527	-0.00686852
CM016829.1	7935001	7945000	33	-0.00129292	-0.00457686
CM016829.1	7940001	7950000	65	-0.00283299	-0.00390658
CM016829.1	7945001	7955000	65	-0.00629908	-0.00660672
CM016829.1	7950001	7960000	40	-0.0109609	-0.00945567
CM016829.1	7955001	7965000	26	-0.0108041	-0.00799845
CM016829.1	7960001	7970000	29	-0.010401	-0.00751463
CM016829.1	7965001	7975000	35	-0.00897366	-0.00633394
CM016829.1	7970001	7980000	43	-0.00929388	-0.00811011
CM016829.1	7975001	7985000	35	-0.0104073	-0.00954193
CM016829.1	7980001	7990000	9	-0.0107891	-0.00762601
CM016829.1	7985001	7995000	22	-0.00771421	-0.000777776
CM016829.1	7990001	8000000	59	-0.00505787	-0.0036919
CM016829.1	7995001	8005000	83	-0.00420883	-0.00442079
CM016829.1	8000001	8010000	59	-0.00481381	-0.00434606
CM016829.1	8005001	8015000	20	-0.00412093	-0.00465887
CM016829.1	8010001	8020000	13	-0.00339015	-0.0025767
CM016829.1	8015001	8025000	19	-0.000538676	-0.000798915
CM016829.1	8020001	8030000	22	0.000991367	0.00215647
CM016829.1	8025001	8035000	21	-0.00646006	-0.00132672
CM016829.1	8030001	8040000	45	-0.00642171	-0.0047757
CM016829.1	8035001	8045000	40	-0.00460314	-0.00352909
CM016829.1	8040001	8050000	40	-0.00844048	-0.00827049
CM016829.1	8045001	8055000	54	-0.00527561	-0.00563922
CM016829.1	8050001	8060000	38	-0.00298115	-0.00230527
CM016829.1	8055001	8065000	37	-0.00420526	-0.001416
CM016829.1	8060001	8070000	34	-0.00322818	0.000894145
CM016829.1	8065001	8075000	24	-0.00549707	-0.00161746
CM016829.1	8070001	8080000	47	-0.00460171	-0.00493357
CM016829.1	8075001	8085000	60	-0.00552389	-0.00552319
CM016829.1	8080001	8090000	39	-0.00777709	-0.00523698
CM016829.1	8085001	8095000	33	-0.00701337	-0.00586338
CM016829.1	8090001	8100000	21	-0.00803462	-0.00785932
CM016829.1	8095001	8105000	17	-0.0108576	-0.00919783
CM016829.1	8100001	8110000	26	-0.00652917	-0.00422912
CM016829.1	8105001	8115000	38	-0.00226976	-0.00317595
CM016829.1	8110001	8120000	44	0.00746165	0.00330781
CM016829.1	8115001	8125000	30	0.0148243	0.0109025
CM016829.1	8120001	8130000	23	0.00806766	0.0080931
CM016829.1	8125001	8135000	25	0.000808907	0.00319958
CM016829.1	8130001	8140000	21	-0.007366	-0.00725617
CM016829.1	8135001	8145000	27	-0.0130559	-0.0122449
CM016829.1	8140001	8150000	34	-0.0118071	-0.00880191
CM016829.1	8145001	8155000	36	-0.00814013	-0.00526069
CM016829.1	8150001	8160000	41	-0.00701925	-0.00613742
CM016829.1	8155001	8165000	43	-0.0102514	-0.00819208
CM016829.1	8160001	8170000	45	-0.00739263	-0.00572883
CM016829.1	8165001	8175000	63	-0.0052798	-0.00311831
CM016829.1	8170001	8180000	67	-0.00510791	-0.00290723
CM016829.1	8175001	8185000	48	-0.00554973	-0.00271737
CM016829.1	8180001	8190000	37	-0.0054832	-0.00273996
CM016829.1	8185001	8195000	58	-0.000464234	0.00174635
CM016829.1	8190001	8200000	59	0.00110136	0.00373708
CM016829.1	8195001	8205000	38	0.00176995	0.00397716
CM016829.1	8200001	8210000	60	0.00643065	0.00795419
CM016829.1	8205001	8215000	63	0.00627036	0.009267
CM016829.1	8210001	8220000	36	-0.000116956	0.00384946
CM016829.1	8215001	8225000	23	-0.00365314	-0.00230485
CM016829.1	8220001	8230000	28	0.000556577	0.00317344
CM016829.1	8225001	8235000	31	-0.000848669	0.00232469
CM016829.1	8230001	8240000	41	-0.00421638	-0.00195939
CM016829.1	8235001	8245000	50	-0.00387859	-0.00177327
CM016829.1	8240001	8250000	37	-0.000462405	0.000980319
CM016829.1	8245001	8255000	21	0.00637875	0.00553965
CM016829.1	8250001	8260000	20	0.0095291	0.0150083
CM016829.1	8255001	8265000	24	0.00831613	0.0116804
CM016829.1	8260001	8270000	24	0.00211157	0.000555158
CM016829.1	8265001	8275000	21	0.00137606	0.00158302
CM016829.1	8270001	8280000	20	-0.00189538	-0.00298182
CM016829.1	8275001	8285000	28	-0.00317121	-0.00457588
CM016829.1	8280001	8290000	26	-0.00175925	-0.00393167
CM016829.1	8285001	8295000	18	-0.000848531	-0.00497766
CM016829.1	8290001	8300000	18	0.00247723	0.00138824
CM016829.1	8295001	8305000	12	0.00529913	0.00567057
CM016829.1	8300001	8310000	9	0.00963094	0.00574342
CM016829.1	8305001	8315000	18	0.00544401	0.00295952
CM016829.1	8310001	8320000	40	0.00543796	0.00605793
CM016829.1	8315001	8325000	40	0.0064761	0.00753663
CM016829.1	8320001	8330000	16	0.00613356	0.00505117
CM016829.1	8325001	8335000	9	-0.00462977	-0.00465444
CM016829.1	8330001	8340000	13	-0.0101921	-0.0086097
CM016829.1	8335001	8345000	17	-0.0104045	-0.0089292
CM016829.1	8340001	8350000	13	-0.0111831	-0.011105
CM016829.1	8345001	8355000	25	-0.0120188	-0.00994633
CM016829.1	8350001	8360000	33	-0.0124362	-0.0100049
CM016829.1	8355001	8365000	30	-0.00904452	-0.00484567
CM016829.1	8360001	8370000	41	-0.00709394	-0.00320265
CM016829.1	8365001	8375000	40	-0.00994847	-0.00576264
CM016829.1	8370001	8380000	49	-0.0089283	-0.00727505
CM016829.1	8375001	8385000	38	-0.00818414	-0.00829685
CM016829.1	8380001	8390000	57	-0.00359699	-0.00247191
CM016829.1	8385001	8395000	63	-0.00455089	-0.0033638
CM016829.1	8390001	8400000	28	-0.0117404	-0.0103925
CM016829.1	8395001	8405000	73	-0.00998889	-0.00483378
CM016829.1	8400001	8410000	72	-0.0103181	-0.00519535
CM016829.1	8405001	8415000	25	-0.0117235	-0.0083407
CM016829.1	8410001	8420000	24	-0.0121636	-0.00858223
CM016829.1	8415001	8425000	62	-0.0142261	-0.0123262
CM016829.1	8420001	8430000	74	-0.0123293	-0.00986918
CM016829.1	8425001	8435000	71	-0.00812579	-0.00604502
CM016829.1	8430001	8440000	68	-0.0105368	-0.00819355
CM016829.1	8435001	8445000	43	-0.0142883	-0.0100896
CM016829.1	8440001	8450000	35	-0.01188	-0.00652396
CM016829.1	8445001	8455000	64	-0.00662936	-0.005323
CM016829.1	8450001	8460000	65	-0.00464731	-0.0040328
CM016829.1	8455001	8465000	52	-0.00358329	-0.00145999
CM016829.1	8460001	8470000	54	-0.00414065	-0.00311065
CM016829.1	8465001	8475000	37	-0.00451783	-0.00531639
CM016829.1	8470001	8480000	38	-0.00233382	-0.0042265
CM016829.1	8475001	8485000	46	-0.00560272	-0.00412523
CM016829.1	8480001	8490000	68	-0.0093651	-0.00581331
CM016829.1	8485001	8495000	54	-0.00910641	-0.00604976
CM016829.1	8490001	8500000	24	-0.00960172	-0.00740963
CM016829.1	8495001	8505000	35	-0.0102029	-0.00890716
CM016829.1	8500001	8510000	53	-0.00488226	-0.00378465
CM016829.1	8505001	8515000	71	-0.00380839	-0.00289213
CM016829.1	8510001	8520000	71	-0.00914208	-0.00784444
CM016829.1	8515001	8525000	61	-0.0126047	-0.0119402
CM016829.1	8520001	8530000	59	-0.011648	-0.0115779
CM016829.1	8525001	8535000	35	-0.00989318	-0.0071085
CM016829.1	8530001	8540000	11	-0.00460473	0.00109069
CM016829.1	8535001	8545000	24	-0.00052166	0.000869846
CM016829.1	8540001	8550000	38	-0.00247865	-0.000372871
CM016829.1	8545001	8555000	33	-0.00436517	-0.00425114
CM016829.1	8550001	8560000	29	-0.00581942	-0.00485946
CM016829.1	8555001	8565000	22	-0.00914927	-0.00503888
CM016829.1	8560001	8570000	16	-0.0106646	-0.00732641
CM016829.1	8565001	8575000	21	-0.0100428	-0.00758451
CM016829.1	8570001	8580000	42	-0.00908024	-0.00559908
CM016829.1	8575001	8585000	60	-0.0101568	-0.0073889
CM016829.1	8580001	8590000	39	-0.0105591	-0.00954428
CM016829.1	8585001	8595000	20	-0.00881901	-0.00563442
CM016829.1	8590001	8600000	26	-0.00839036	-0.00706873
CM016829.1	8595001	8605000	25	-0.00611393	-0.00888725
CM016829.1	8600001	8610000	28	0.00432174	-0.00217292
CM016829.1	8605001	8615000	74	-0.000228695	-0.00151046
CM016829.1	8610001	8620000	64	-0.00232225	-0.00228266
CM016829.1	8615001	8625000	44	-0.00115481	-0.00109419
CM016829.1	8620001	8630000	56	0.000584017	0.000492231
CM016829.1	8625001	8635000	36	0.00379098	0.00275269
CM016829.1	8630001	8640000	73	0.00106536	-0.000275857
CM016829.1	8635001	8645000	68	0.00134473	-0.000783978
CM016829.1	8640001	8650000	19	0.00366625	0.000450106
CM016829.1	8645001	8655000	19	-0.00551566	-0.0082286
CM016829.1	8650001	8660000	21	-0.0107173	-0.0101661
CM016829.1	8655001	8665000	18	-0.00837926	-0.00701418
CM016829.1	8660001	8670000	16	-0.00840109	-0.00720862
CM016829.1	8665001	8675000	54	-0.00933307	-0.00669925
CM016829.1	8670001	8680000	64	-0.00879339	-0.00623114
CM016829.1	8675001	8685000	33	-0.00818896	-0.00593122
CM016829.1	8680001	8690000	19	-0.00807319	-0.00543613
CM016829.1	8685001	8695000	15	-0.00658812	-0.00430437
CM016829.1	8690001	8700000	22	-0.00867853	-0.0033109
CM016829.1	8695001	8705000	28	-0.00952838	-0.005514
CM016829.1	8700001	8710000	32	-0.00842265	-0.00735576
CM016829.1	8705001	8715000	91	-0.00250231	-0.0035385
CM016829.1	8710001	8720000	118	-0.00191829	-0.00320322
CM016829.1	8715001	8725000	71	0.000818904	-0.000275186
CM016829.1	8720001	8730000	56	0.0041849	0.00302013
CM016829.1	8725001	8735000	56	0.00337365	0.00277361
CM016829.1	8730001	8740000	60	0.00189674	0.00105403
CM016829.1	8735001	8745000	42	0.00105937	0.000144752
CM016829.1	8740001	8750000	25	-0.000347277	-0.000154154
CM016829.1	8745001	8755000	34	-0.000663468	-0.000353679
CM016829.1	8750001	8760000	34	-0.00182219	0.000360001
CM016829.1	8755001	8765000	20	-0.00660906	-0.00299847
CM016829.1	8760001	8770000	17	-0.00540484	-0.00204911
CM016829.1	8765001	8775000	31	-0.00621962	-0.000767859
CM016829.1	8770001	8780000	45	-0.00890275	-0.00500105
CM016829.1	8775001	8785000	50	-0.00645749	-0.00351722
CM016829.1	8780001	8790000	40	-0.00345946	-0.000459494
CM016829.1	8785001	8795000	25	-0.0117036	-0.00628261
CM016829.1	8790001	8800000	42	-0.00405153	-0.000994273
CM016829.1	8795001	8805000	49	0.0172529	0.0147109
CM016829.1	8800001	8810000	36	0.0309971	0.0229654
CM016829.1	8805001	8815000	32	0.0115077	0.00933077
CM016829.1	8810001	8820000	37	0.00665855	0.00425613
CM016829.1	8815001	8825000	46	0.00773963	0.0033434
CM016829.1	8820001	8830000	32	0.00648412	0.00381746
CM016829.1	8825001	8835000	23	-0.00723696	-0.0040391
CM016829.1	8830001	8840000	35	-0.00670863	-0.00614781
CM016829.1	8835001	8845000	33	-0.00659124	-0.00588537
CM016829.1	8840001	8850000	29	-0.00320187	0.00632008
CM016829.1	8845001	8855000	32	-0.000672634	0.00619855
CM016829.1	8850001	8860000	22	-0.00214469	-0.00111613
CM016829.1	8855001	8865000	21	-0.00178332	0.00929346
CM016829.1	8860001	8870000	32	-0.0013574	0.00307964
CM016829.1	8865001	8875000	39	0.00513084	0.00185902
CM016829.1	8870001	8880000	39	0.00689455	0.00915118
CM016829.1	8875001	8885000	28	0.0093787	0.0125334
CM016829.1	8880001	8890000	25	0.0222539	0.0194561
CM016829.1	8885001	8895000	53	0.0183863	0.0175162
CM016829.1	8890001	8900000	81	0.0109073	0.0116534
CM016829.1	8895001	8905000	60	0.012083	0.0126464
CM016829.1	8900001	8910000	39	0.0233423	0.021147
CM016829.1	8905001	8915000	46	0.0153343	0.0109066
CM016829.1	8910001	8920000	36	0.00362762	0.00391948
CM016829.1	8915001	8925000	19	-0.00293557	-0.000174381
CM016829.1	8920001	8930000	16	-0.00715437	-0.00374339
CM016829.1	8925001	8935000	15	-0.00437556	-0.000625609
CM016829.1	8930001	8940000	24	-0.0101642	-0.00626239
CM016829.1	8935001	8945000	28	-0.00937778	-0.00752739
CM016829.1	8940001	8950000	31	-0.00914951	-0.00843763
CM016829.1	8945001	8955000	28	-0.00939279	-0.00776274
CM016829.1	8950001	8960000	56	-0.00786907	-0.00848125
CM016829.1	8955001	8965000	60	-0.00903601	-0.00962963
CM016829.1	8960001	8970000	20	-0.0136895	-0.0115594
CM016829.1	8965001	8975000	31	-0.0144734	-0.0115543
CM016829.1	8970001	8980000	34	-0.0133029	-0.00706007
CM016829.1	8975001	8985000	30	-0.00295322	-0.000235631
CM016829.1	8980001	8990000	38	-0.00110459	0.000292236
CM016829.1	8985001	8995000	35	-0.00233684	-0.000777496
CM016829.1	8990001	9000000	21	-0.0031932	-0.00403529
CM016829.1	8995001	9005000	24	-0.00866492	-0.00679299
CM016829.1	9000001	9010000	53	-0.0109614	-0.0100473
CM016829.1	9005001	9015000	86	-0.00577867	-0.00362857
CM016829.1	9010001	9020000	59	-0.00138013	0.000333109
CM016829.1	9015001	9025000	26	-0.004007	-0.00569758
CM016829.1	9020001	9030000	102	0.000119652	-1.11228e-05
CM016829.1	9025001	9035000	109	0.0016584	0.00261382
CM016829.1	9030001	9040000	42	0.00314207	0.00369604
CM016829.1	9035001	9045000	75	-0.00252676	-0.00296633
CM016829.1	9040001	9050000	67	-0.0020152	-0.00219153
CM016829.1	9045001	9055000	13	0.00159916	-0.00102207
CM016829.1	9050001	9060000	17	-0.0036361	-0.00437962
CM016829.1	9055001	9065000	20	-0.00171445	-0.00324104
CM016829.1	9060001	9070000	15	-0.00688821	-0.00905275
CM016829.1	9065001	9075000	12	-0.00109551	-0.00249972
CM016829.1	9070001	9080000	22	-0.000833554	0.00177007
CM016829.1	9075001	9085000	39	1.68714e-05	0.00109019
CM016829.1	9080001	9090000	33	0.00497957	0.00433866
CM016829.1	9085001	9095000	25	0.00402313	0.00126795
CM016829.1	9090001	9100000	68	0.00408502	0.00263454
CM016829.1	9095001	9105000	100	0.00125527	0.00122162
CM016829.1	9100001	9110000	71	-0.00224173	-0.000283371
CM016829.1	9105001	9115000	60	-0.00402074	-0.00140919
CM016829.1	9110001	9120000	66	-0.00542655	-0.0018664
CM016829.1	9115001	9125000	56	-0.000493866	0.00356454
CM016829.1	9120001	9130000	46	0.000628653	0.00208691
CM016829.1	9125001	9135000	43	-0.0014913	-0.000234744
CM016829.1	9130001	9140000	53	0.00426642	0.00417517
CM016829.1	9135001	9145000	74	0.00263844	0.00393695
CM016829.1	9140001	9150000	60	-0.00113749	0.00205528
CM016829.1	9145001	9155000	37	0.00101749	0.00457134
CM016829.1	9150001	9160000	52	0.00291367	0.00213407
CM016829.1	9155001	9165000	62	-0.00400632	-0.00310162
CM016829.1	9160001	9170000	52	-0.000983941	0.000596126
CM016829.1	9165001	9175000	74	-0.00158039	-0.00109522
CM016829.1	9170001	9180000	69	-0.00447555	-0.00299881
CM016829.1	9175001	9185000	31	0.00156637	0.00474895
CM016829.1	9180001	9190000	33	0.00832603	0.0054866
CM016829.1	9185001	9195000	33	0.005846	0.00350611
CM016829.1	9190001	9200000	31	0.0046194	0.00455304
CM016829.1	9195001	9205000	40	0.0045692	0.00443902
CM016829.1	9200001	9210000	56	0.00780922	0.00859534
CM016829.1	9205001	9215000	73	0.00661478	0.00596404
CM016829.1	9210001	9220000	39	0.00275065	0.000432973
